train_accuracy_0,test_accuracy_0,train_accuracy_1,test_accuracy_1,train_accuracy_2,test_accuracy_2,train_accuracy_3,test_accuracy_3,train_accuracy_4,test_accuracy_4,train_accuracy_5,test_accuracy_5,train_accuracy_6,test_accuracy_6,train_accuracy_7,test_accuracy_7,train_accuracy_8,test_accuracy_8,train_accuracy_9,test_accuracy_9
0.49833333333333335,0.499,0.46166666666666667,0.524,0.49833333333333335,0.5030000000000001,0.52,0.507,0.5416666666666666,0.491,0.5,0.485,0.49,0.492,0.5299999999999999,0.502,0.4816666666666667,0.52,0.5083333333333334,0.49399999999999994
0.7816666666666666,0.504,0.7833333333333333,0.512,0.7983333333333333,0.489,0.7933333333333333,0.502,0.8083333333333332,0.495,0.7833333333333333,0.5,0.8016666666666666,0.495,0.8083333333333335,0.49399999999999994,0.7916666666666666,0.521,0.8016666666666667,0.501
0.915,0.5039999999999999,0.9,0.514,0.9199999999999999,0.493,0.9133333333333334,0.48699999999999993,0.9049999999999999,0.513,0.9033333333333333,0.487,0.9033333333333333,0.48100000000000004,0.9116666666666667,0.492,0.9066666666666666,0.5199999999999999,0.9183333333333333,0.51
0.9566666666666667,0.508,0.9483333333333334,0.51,0.965,0.5,0.9733333333333333,0.497,0.9566666666666667,0.522,0.9616666666666666,0.487,0.9583333333333334,0.48100000000000004,0.945,0.4600000000000001,0.9433333333333334,0.511,0.9733333333333333,0.506
0.9733333333333333,0.49099999999999994,0.9683333333333333,0.51,0.9833333333333333,0.485,0.9883333333333333,0.5029999999999999,0.9766666666666666,0.515,0.975,0.477,0.975,0.48600000000000004,0.9700000000000001,0.454,0.9666666666666667,0.5029999999999999,0.9833333333333333,0.507
0.9833333333333334,0.47000000000000003,0.9783333333333332,0.5050000000000001,0.9916666666666667,0.492,0.9916666666666666,0.508,0.985,0.513,0.98,0.484,0.985,0.4800000000000001,0.9833333333333334,0.449,0.975,0.496,0.9916666666666667,0.526
0.9933333333333333,0.4600000000000001,0.9883333333333333,0.506,0.9983333333333334,0.48199999999999993,0.995,0.504,0.9883333333333333,0.511,0.9899999999999999,0.49000000000000005,0.9883333333333333,0.49700000000000005,0.9883333333333333,0.45499999999999996,0.9866666666666667,0.4979999999999999,0.995,0.538
0.9966666666666667,0.458,0.9950000000000001,0.501,1.0,0.475,0.9966666666666667,0.502,0.9966666666666667,0.5109999999999999,0.9966666666666667,0.492,0.9916666666666666,0.49399999999999994,0.9933333333333333,0.4619999999999999,0.9933333333333333,0.504,0.9950000000000001,0.541
0.9966666666666667,0.465,0.9966666666666667,0.506,1.0,0.473,0.9966666666666667,0.491,0.9983333333333334,0.5,0.9983333333333334,0.49800000000000005,0.9950000000000001,0.495,0.995,0.46699999999999997,0.9966666666666667,0.49399999999999994,0.9966666666666667,0.547
0.9966666666666667,0.4640000000000001,0.9966666666666667,0.5109999999999999,1.0,0.475,0.9966666666666667,0.485,0.9983333333333334,0.488,1.0,0.499,0.9983333333333334,0.491,0.9966666666666667,0.46699999999999997,0.9983333333333334,0.499,0.9983333333333334,0.5370000000000001
1.0,0.45899999999999996,0.9966666666666667,0.514,1.0,0.475,0.9966666666666667,0.48100000000000004,0.9983333333333334,0.483,1.0,0.4960000000000001,0.9983333333333334,0.49000000000000005,0.9983333333333334,0.47700000000000004,0.9983333333333334,0.5,1.0,0.535
1.0,0.46900000000000003,0.9983333333333334,0.507,1.0,0.481,0.9966666666666667,0.492,0.9983333333333334,0.477,1.0,0.506,0.9983333333333334,0.49800000000000005,0.9983333333333334,0.47300000000000003,0.9983333333333334,0.5,1.0,0.53
1.0,0.47400000000000003,0.9983333333333334,0.5199999999999999,1.0,0.475,0.9983333333333334,0.4959999999999999,1.0,0.4779999999999999,1.0,0.506,0.9983333333333334,0.5030000000000001,1.0,0.48200000000000004,1.0,0.493,1.0,0.545
1.0,0.471,0.9983333333333334,0.519,1.0,0.48,0.9983333333333334,0.49000000000000005,0.9983333333333334,0.485,1.0,0.515,0.9983333333333334,0.512,1.0,0.489,1.0,0.49800000000000005,1.0,0.534
1.0,0.46799999999999997,0.9983333333333334,0.5190000000000001,1.0,0.4800000000000001,0.9983333333333334,0.503,0.9983333333333334,0.487,1.0,0.512,0.9983333333333334,0.515,1.0,0.49300000000000005,1.0,0.497,1.0,0.539
1.0,0.475,1.0,0.515,1.0,0.477,0.9983333333333334,0.511,0.9983333333333334,0.49000000000000005,1.0,0.517,0.9983333333333334,0.499,1.0,0.493,1.0,0.497,1.0,0.526
1.0,0.47800000000000004,1.0,0.515,1.0,0.48,1.0,0.502,0.9983333333333334,0.484,1.0,0.507,1.0,0.49800000000000005,1.0,0.489,1.0,0.497,1.0,0.531
1.0,0.484,1.0,0.509,1.0,0.491,1.0,0.4959999999999999,0.9983333333333334,0.48900000000000005,1.0,0.499,1.0,0.496,1.0,0.484,1.0,0.5040000000000001,1.0,0.5309999999999999
1.0,0.484,1.0,0.503,0.9983333333333334,0.49000000000000005,1.0,0.49800000000000005,0.9983333333333334,0.49000000000000005,1.0,0.487,1.0,0.495,1.0,0.491,1.0,0.5039999999999999,1.0,0.538
1.0,0.49000000000000005,1.0,0.5049999999999999,0.9983333333333334,0.492,1.0,0.503,0.9983333333333334,0.492,1.0,0.489,1.0,0.488,1.0,0.497,1.0,0.505,1.0,0.54
1.0,0.496,1.0,0.506,0.9983333333333334,0.48900000000000005,1.0,0.5079999999999999,0.9983333333333334,0.5010000000000001,1.0,0.483,1.0,0.495,1.0,0.492,1.0,0.51,1.0,0.539
1.0,0.497,1.0,0.502,0.9983333333333334,0.49000000000000005,1.0,0.5109999999999999,0.9983333333333334,0.505,1.0,0.49000000000000005,1.0,0.501,1.0,0.491,1.0,0.51,1.0,0.539
1.0,0.5,1.0,0.501,1.0,0.493,1.0,0.504,0.9983333333333334,0.51,1.0,0.48200000000000004,1.0,0.501,1.0,0.492,1.0,0.515,1.0,0.545
1.0,0.503,1.0,0.502,1.0,0.5,1.0,0.501,1.0,0.5170000000000001,1.0,0.481,1.0,0.491,1.0,0.493,1.0,0.518,1.0,0.5429999999999999
1.0,0.499,1.0,0.495,1.0,0.506,1.0,0.504,1.0,0.518,1.0,0.47400000000000003,1.0,0.49700000000000005,1.0,0.496,1.0,0.517,1.0,0.544
1.0,0.5,1.0,0.493,1.0,0.501,1.0,0.502,1.0,0.5130000000000001,1.0,0.477,1.0,0.497,1.0,0.49400000000000005,1.0,0.525,1.0,0.5429999999999999
1.0,0.502,1.0,0.49399999999999994,1.0,0.493,1.0,0.506,1.0,0.5120000000000001,1.0,0.487,1.0,0.504,1.0,0.492,1.0,0.528,1.0,0.5389999999999999
1.0,0.5029999999999999,1.0,0.489,1.0,0.49300000000000005,1.0,0.5069999999999999,1.0,0.5159999999999999,1.0,0.491,1.0,0.5040000000000001,1.0,0.4880000000000001,1.0,0.5319999999999999,1.0,0.5349999999999999
1.0,0.501,1.0,0.497,1.0,0.49899999999999994,1.0,0.5050000000000001,1.0,0.5159999999999999,1.0,0.487,1.0,0.499,1.0,0.492,1.0,0.53,1.0,0.525
1.0,0.507,1.0,0.502,1.0,0.49799999999999994,1.0,0.49800000000000005,1.0,0.515,1.0,0.492,1.0,0.49399999999999994,1.0,0.499,1.0,0.535,1.0,0.531
1.0,0.511,1.0,0.49800000000000005,1.0,0.5029999999999999,1.0,0.49800000000000005,1.0,0.513,1.0,0.48900000000000005,1.0,0.496,1.0,0.504,1.0,0.539,1.0,0.539
1.0,0.516,1.0,0.49800000000000005,1.0,0.5049999999999999,1.0,0.501,1.0,0.516,1.0,0.5,1.0,0.49800000000000005,1.0,0.506,1.0,0.5399999999999999,1.0,0.54
1.0,0.502,1.0,0.5120000000000001,1.0,0.502,1.0,0.49000000000000005,1.0,0.5109999999999999,1.0,0.501,1.0,0.495,1.0,0.49800000000000005,1.0,0.5359999999999999,1.0,0.538
1.0,0.507,1.0,0.515,1.0,0.5050000000000001,1.0,0.493,1.0,0.514,1.0,0.493,1.0,0.49800000000000005,1.0,0.502,1.0,0.539,1.0,0.537
1.0,0.511,1.0,0.515,1.0,0.514,1.0,0.499,1.0,0.5129999999999999,1.0,0.491,1.0,0.496,1.0,0.5010000000000001,1.0,0.536,1.0,0.534
1.0,0.51,1.0,0.521,1.0,0.511,1.0,0.5050000000000001,1.0,0.5189999999999999,1.0,0.492,1.0,0.493,1.0,0.496,1.0,0.5309999999999999,1.0,0.5349999999999999
1.0,0.506,1.0,0.515,1.0,0.509,1.0,0.5,1.0,0.518,1.0,0.491,1.0,0.497,1.0,0.492,1.0,0.526,1.0,0.538
1.0,0.506,1.0,0.51,1.0,0.5109999999999999,1.0,0.501,1.0,0.509,1.0,0.497,1.0,0.495,1.0,0.48999999999999994,1.0,0.5250000000000001,1.0,0.5309999999999999
1.0,0.515,1.0,0.512,1.0,0.5040000000000001,1.0,0.49800000000000005,1.0,0.504,1.0,0.491,1.0,0.49400000000000005,1.0,0.491,1.0,0.518,1.0,0.528
1.0,0.51,1.0,0.5170000000000001,1.0,0.504,1.0,0.49800000000000005,1.0,0.5029999999999999,1.0,0.49000000000000005,1.0,0.487,1.0,0.499,1.0,0.518,1.0,0.524
1.0,0.515,1.0,0.515,1.0,0.5050000000000001,1.0,0.49700000000000005,1.0,0.5,1.0,0.48699999999999993,1.0,0.484,1.0,0.5010000000000001,1.0,0.518,1.0,0.526
1.0,0.513,1.0,0.514,1.0,0.501,1.0,0.49700000000000005,1.0,0.503,1.0,0.491,1.0,0.4840000000000001,1.0,0.49799999999999994,1.0,0.518,1.0,0.521
1.0,0.5109999999999999,1.0,0.517,1.0,0.5040000000000001,1.0,0.49800000000000005,1.0,0.507,1.0,0.4880000000000001,1.0,0.485,1.0,0.497,1.0,0.522,1.0,0.523
1.0,0.512,1.0,0.518,1.0,0.512,1.0,0.497,1.0,0.5029999999999999,1.0,0.488,1.0,0.488,1.0,0.497,1.0,0.523,1.0,0.522
1.0,0.509,1.0,0.516,1.0,0.508,1.0,0.499,1.0,0.508,1.0,0.493,1.0,0.49300000000000005,1.0,0.4960000000000001,1.0,0.526,1.0,0.522
1.0,0.506,1.0,0.517,1.0,0.51,1.0,0.503,1.0,0.506,1.0,0.495,1.0,0.49399999999999994,1.0,0.49700000000000005,1.0,0.524,1.0,0.5210000000000001
1.0,0.504,1.0,0.517,1.0,0.512,1.0,0.502,1.0,0.5,1.0,0.493,1.0,0.489,1.0,0.496,1.0,0.516,1.0,0.522
1.0,0.5010000000000001,1.0,0.513,1.0,0.51,1.0,0.503,1.0,0.501,1.0,0.4959999999999999,1.0,0.48599999999999993,1.0,0.4960000000000001,1.0,0.5159999999999999,1.0,0.518
1.0,0.503,1.0,0.509,1.0,0.512,1.0,0.506,1.0,0.49300000000000005,1.0,0.5,1.0,0.49000000000000005,1.0,0.49700000000000005,1.0,0.513,1.0,0.52
1.0,0.504,1.0,0.5050000000000001,1.0,0.513,1.0,0.506,1.0,0.49800000000000005,1.0,0.49800000000000005,1.0,0.491,1.0,0.496,1.0,0.511,1.0,0.5189999999999999
1.0,0.5040000000000001,1.0,0.505,1.0,0.5119999999999999,1.0,0.502,1.0,0.499,1.0,0.49800000000000005,1.0,0.49000000000000005,1.0,0.49400000000000005,1.0,0.5120000000000001,1.0,0.521
1.0,0.501,1.0,0.497,1.0,0.5109999999999999,1.0,0.496,1.0,0.502,1.0,0.49800000000000005,1.0,0.49399999999999994,1.0,0.49000000000000005,1.0,0.5130000000000001,1.0,0.5239999999999999
1.0,0.5,1.0,0.4960000000000001,1.0,0.519,1.0,0.49800000000000005,1.0,0.501,1.0,0.49499999999999994,1.0,0.49499999999999994,1.0,0.4880000000000001,1.0,0.5130000000000001,1.0,0.5269999999999999
1.0,0.49400000000000005,1.0,0.493,1.0,0.5170000000000001,1.0,0.495,1.0,0.5050000000000001,1.0,0.492,1.0,0.496,1.0,0.48600000000000004,1.0,0.509,1.0,0.526
1.0,0.491,1.0,0.49000000000000005,1.0,0.5109999999999999,1.0,0.503,1.0,0.505,1.0,0.48999999999999994,1.0,0.492,1.0,0.484,1.0,0.509,1.0,0.524
1.0,0.487,1.0,0.49300000000000005,1.0,0.51,1.0,0.503,1.0,0.502,1.0,0.48600000000000004,1.0,0.49499999999999994,1.0,0.48600000000000004,1.0,0.509,1.0,0.523
1.0,0.488,1.0,0.493,1.0,0.514,1.0,0.499,1.0,0.502,1.0,0.48599999999999993,1.0,0.499,1.0,0.492,1.0,0.5090000000000001,1.0,0.521
1.0,0.48600000000000004,1.0,0.49399999999999994,1.0,0.5119999999999999,1.0,0.5029999999999999,1.0,0.503,1.0,0.489,1.0,0.496,1.0,0.493,1.0,0.507,1.0,0.524
1.0,0.485,1.0,0.49499999999999994,1.0,0.5129999999999999,1.0,0.501,1.0,0.5,1.0,0.492,1.0,0.496,1.0,0.49400000000000005,1.0,0.5029999999999999,1.0,0.5240000000000001
1.0,0.48900000000000005,1.0,0.49799999999999994,1.0,0.514,1.0,0.497,1.0,0.5010000000000001,1.0,0.48999999999999994,1.0,0.49800000000000005,1.0,0.496,1.0,0.499,1.0,0.519
1.0,0.493,1.0,0.49800000000000005,1.0,0.5130000000000001,1.0,0.499,1.0,0.501,1.0,0.48200000000000004,1.0,0.497,1.0,0.49799999999999994,1.0,0.4979999999999999,1.0,0.521
1.0,0.496,1.0,0.49499999999999994,1.0,0.512,1.0,0.497,1.0,0.506,1.0,0.477,1.0,0.495,1.0,0.501,1.0,0.49700000000000005,1.0,0.526
1.0,0.495,1.0,0.493,1.0,0.512,1.0,0.5,1.0,0.5050000000000001,1.0,0.47800000000000004,1.0,0.49400000000000005,1.0,0.5,1.0,0.4920000000000001,1.0,0.528
1.0,0.49400000000000005,1.0,0.49400000000000005,1.0,0.509,1.0,0.5,1.0,0.501,1.0,0.47700000000000004,1.0,0.49400000000000005,1.0,0.499,1.0,0.493,1.0,0.524
1.0,0.493,1.0,0.496,1.0,0.514,1.0,0.5,1.0,0.497,1.0,0.481,1.0,0.491,1.0,0.49399999999999994,1.0,0.49399999999999994,1.0,0.5229999999999999
1.0,0.49099999999999994,1.0,0.5,1.0,0.517,1.0,0.497,1.0,0.5,1.0,0.47800000000000004,1.0,0.49000000000000005,1.0,0.493,1.0,0.489,1.0,0.518
1.0,0.49400000000000005,1.0,0.502,1.0,0.512,1.0,0.4950000000000001,1.0,0.49800000000000005,1.0,0.481,1.0,0.492,1.0,0.491,1.0,0.49399999999999994,1.0,0.516
1.0,0.48999999999999994,1.0,0.506,1.0,0.519,1.0,0.49399999999999994,1.0,0.5029999999999999,1.0,0.48100000000000004,1.0,0.493,1.0,0.491,1.0,0.492,1.0,0.514
1.0,0.496,1.0,0.5040000000000001,1.0,0.523,1.0,0.49700000000000005,1.0,0.506,1.0,0.481,1.0,0.492,1.0,0.493,1.0,0.488,1.0,0.516
1.0,0.497,1.0,0.5050000000000001,1.0,0.522,1.0,0.491,1.0,0.505,1.0,0.485,1.0,0.4960000000000001,1.0,0.49400000000000005,1.0,0.485,1.0,0.5130000000000001
1.0,0.502,1.0,0.496,1.0,0.524,1.0,0.492,1.0,0.5029999999999999,1.0,0.487,1.0,0.497,1.0,0.499,1.0,0.484,1.0,0.516
1.0,0.503,1.0,0.493,1.0,0.525,1.0,0.491,1.0,0.506,1.0,0.487,1.0,0.496,1.0,0.495,1.0,0.481,1.0,0.514
1.0,0.5010000000000001,1.0,0.495,1.0,0.525,1.0,0.492,1.0,0.5080000000000001,1.0,0.485,1.0,0.49400000000000005,1.0,0.492,1.0,0.481,1.0,0.516
1.0,0.504,1.0,0.493,1.0,0.5280000000000001,1.0,0.493,1.0,0.506,1.0,0.485,1.0,0.49400000000000005,1.0,0.496,1.0,0.477,1.0,0.5189999999999999
1.0,0.501,1.0,0.493,1.0,0.529,1.0,0.499,1.0,0.508,1.0,0.48100000000000004,1.0,0.49400000000000005,1.0,0.493,1.0,0.479,1.0,0.519
1.0,0.502,1.0,0.493,1.0,0.526,1.0,0.499,1.0,0.509,1.0,0.483,1.0,0.49400000000000005,1.0,0.49400000000000005,1.0,0.483,1.0,0.518
1.0,0.499,1.0,0.495,1.0,0.5210000000000001,1.0,0.499,1.0,0.512,1.0,0.484,1.0,0.495,1.0,0.493,1.0,0.48,1.0,0.523
1.0,0.502,1.0,0.49799999999999994,1.0,0.525,1.0,0.495,1.0,0.5130000000000001,1.0,0.483,1.0,0.49400000000000005,1.0,0.495,1.0,0.48,1.0,0.522
1.0,0.502,1.0,0.49799999999999994,1.0,0.524,1.0,0.499,1.0,0.514,1.0,0.48200000000000004,1.0,0.49800000000000005,1.0,0.493,1.0,0.47800000000000004,1.0,0.518
1.0,0.496,1.0,0.495,1.0,0.5210000000000001,1.0,0.503,1.0,0.515,1.0,0.48200000000000004,1.0,0.5000000000000001,1.0,0.491,1.0,0.47800000000000004,1.0,0.517
1.0,0.492,1.0,0.493,1.0,0.514,1.0,0.503,1.0,0.513,1.0,0.483,1.0,0.5,1.0,0.493,1.0,0.475,1.0,0.517
1.0,0.496,1.0,0.49000000000000005,1.0,0.516,1.0,0.501,1.0,0.514,1.0,0.48100000000000004,1.0,0.5,1.0,0.492,1.0,0.47400000000000003,1.0,0.519
1.0,0.493,1.0,0.48900000000000005,1.0,0.515,1.0,0.5,1.0,0.512,1.0,0.48,1.0,0.5010000000000001,1.0,0.491,1.0,0.476,1.0,0.5170000000000001
1.0,0.49400000000000005,1.0,0.488,1.0,0.513,1.0,0.49800000000000005,1.0,0.513,1.0,0.48100000000000004,1.0,0.5010000000000001,1.0,0.489,1.0,0.475,1.0,0.514
1.0,0.49400000000000005,1.0,0.484,1.0,0.514,1.0,0.496,1.0,0.51,1.0,0.479,1.0,0.503,1.0,0.491,1.0,0.47800000000000004,1.0,0.514
1.0,0.493,1.0,0.484,1.0,0.51,1.0,0.49400000000000005,1.0,0.51,1.0,0.48100000000000004,1.0,0.507,1.0,0.4919999999999999,1.0,0.47300000000000003,1.0,0.51
1.0,0.489,1.0,0.48600000000000004,1.0,0.508,1.0,0.49400000000000005,1.0,0.512,1.0,0.48,1.0,0.506,1.0,0.491,1.0,0.469,1.0,0.506
1.0,0.489,1.0,0.49000000000000005,1.0,0.5130000000000001,1.0,0.496,1.0,0.515,1.0,0.48200000000000004,1.0,0.506,1.0,0.49000000000000005,1.0,0.472,1.0,0.506
1.0,0.484,1.0,0.488,1.0,0.513,1.0,0.49800000000000005,1.0,0.511,1.0,0.481,1.0,0.509,1.0,0.489,1.0,0.475,1.0,0.5080000000000001
1.0,0.48599999999999993,1.0,0.483,1.0,0.517,1.0,0.501,1.0,0.511,1.0,0.475,1.0,0.512,1.0,0.48999999999999994,1.0,0.475,1.0,0.508
1.0,0.48699999999999993,1.0,0.481,1.0,0.5170000000000001,1.0,0.503,1.0,0.51,1.0,0.47400000000000003,1.0,0.509,1.0,0.48999999999999994,1.0,0.47800000000000004,1.0,0.511
1.0,0.48500000000000004,1.0,0.48200000000000004,1.0,0.516,1.0,0.502,1.0,0.509,1.0,0.469,1.0,0.5090000000000001,1.0,0.489,1.0,0.47800000000000004,1.0,0.51
1.0,0.488,1.0,0.48100000000000004,1.0,0.518,1.0,0.504,1.0,0.512,1.0,0.47000000000000003,1.0,0.5090000000000001,1.0,0.48999999999999994,1.0,0.473,1.0,0.51
1.0,0.489,1.0,0.481,1.0,0.513,1.0,0.502,1.0,0.517,1.0,0.471,1.0,0.51,1.0,0.49300000000000005,1.0,0.47700000000000004,1.0,0.512
1.0,0.488,1.0,0.479,1.0,0.513,1.0,0.5,1.0,0.518,1.0,0.472,1.0,0.513,1.0,0.49399999999999994,1.0,0.4760000000000001,1.0,0.508
1.0,0.492,1.0,0.477,1.0,0.514,1.0,0.499,1.0,0.5189999999999999,1.0,0.475,1.0,0.509,1.0,0.492,1.0,0.479,1.0,0.508
1.0,0.49400000000000005,1.0,0.471,1.0,0.51,1.0,0.502,1.0,0.52,1.0,0.475,1.0,0.507,1.0,0.493,1.0,0.47800000000000004,1.0,0.505
1.0,0.49400000000000005,1.0,0.47000000000000003,1.0,0.508,1.0,0.499,1.0,0.524,1.0,0.476,1.0,0.507,1.0,0.493,1.0,0.476,1.0,0.507
1.0,0.49399999999999994,1.0,0.47000000000000003,1.0,0.5070000000000001,1.0,0.49399999999999994,1.0,0.524,1.0,0.476,1.0,0.512,1.0,0.49400000000000005,1.0,0.48,1.0,0.508
1.0,0.492,1.0,0.469,1.0,0.51,1.0,0.492,1.0,0.523,1.0,0.473,1.0,0.5129999999999999,1.0,0.48900000000000005,1.0,0.48200000000000004,1.0,0.507
1.0,0.491,1.0,0.46799999999999997,1.0,0.511,1.0,0.49399999999999994,1.0,0.523,1.0,0.47300000000000003,1.0,0.5139999999999999,1.0,0.48600000000000004,1.0,0.48199999999999993,1.0,0.506
1.0,0.48999999999999994,1.0,0.47000000000000003,1.0,0.51,1.0,0.495,1.0,0.523,1.0,0.475,1.0,0.5139999999999999,1.0,0.484,1.0,0.477,1.0,0.507
1.0,0.487,1.0,0.47300000000000003,1.0,0.5079999999999999,1.0,0.49499999999999994,1.0,0.5250000000000001,1.0,0.4779999999999999,1.0,0.517,1.0,0.479,1.0,0.476,1.0,0.5109999999999999
1.0,0.48699999999999993,1.0,0.47400000000000003,1.0,0.506,1.0,0.492,1.0,0.523,1.0,0.48,1.0,0.518,1.0,0.48100000000000004,1.0,0.479,1.0,0.5109999999999999
1.0,0.485,1.0,0.47300000000000003,1.0,0.5049999999999999,1.0,0.49000000000000005,1.0,0.5269999999999999,1.0,0.48200000000000004,1.0,0.517,1.0,0.483,1.0,0.475,1.0,0.509
1.0,0.484,1.0,0.46900000000000003,1.0,0.5029999999999999,1.0,0.487,1.0,0.526,1.0,0.485,1.0,0.515,1.0,0.485,1.0,0.475,1.0,0.506
1.0,0.483,1.0,0.4680000000000001,1.0,0.501,1.0,0.488,1.0,0.53,1.0,0.4870000000000001,1.0,0.518,1.0,0.491,1.0,0.475,1.0,0.5029999999999999
1.0,0.485,1.0,0.46900000000000003,1.0,0.502,1.0,0.488,1.0,0.526,1.0,0.49000000000000005,1.0,0.516,1.0,0.488,1.0,0.475,1.0,0.5039999999999999
1.0,0.48600000000000004,1.0,0.471,1.0,0.502,1.0,0.488,1.0,0.527,1.0,0.491,1.0,0.514,1.0,0.4880000000000001,1.0,0.4760000000000001,1.0,0.5039999999999999
1.0,0.487,1.0,0.47000000000000003,1.0,0.5000000000000001,1.0,0.487,1.0,0.526,1.0,0.492,1.0,0.515,1.0,0.48600000000000004,1.0,0.47400000000000003,1.0,0.5069999999999999
1.0,0.484,1.0,0.469,1.0,0.5,1.0,0.488,1.0,0.5239999999999999,1.0,0.48999999999999994,1.0,0.514,1.0,0.48200000000000004,1.0,0.47800000000000004,1.0,0.506
1.0,0.481,1.0,0.469,1.0,0.5040000000000001,1.0,0.4879999999999999,1.0,0.5250000000000001,1.0,0.49000000000000005,1.0,0.514,1.0,0.48500000000000004,1.0,0.48,1.0,0.51
1.0,0.483,1.0,0.469,1.0,0.5040000000000001,1.0,0.492,1.0,0.527,1.0,0.492,1.0,0.512,1.0,0.48500000000000004,1.0,0.47800000000000004,1.0,0.5130000000000001
1.0,0.479,1.0,0.473,1.0,0.509,1.0,0.492,1.0,0.528,1.0,0.49399999999999994,1.0,0.511,1.0,0.483,1.0,0.4779999999999999,1.0,0.509
1.0,0.4779999999999999,1.0,0.472,1.0,0.51,1.0,0.49399999999999994,1.0,0.529,1.0,0.49799999999999994,1.0,0.511,1.0,0.483,1.0,0.475,1.0,0.509
1.0,0.4800000000000001,1.0,0.473,1.0,0.509,1.0,0.493,1.0,0.529,1.0,0.49799999999999994,1.0,0.511,1.0,0.484,1.0,0.471,1.0,0.5079999999999999
1.0,0.483,1.0,0.471,1.0,0.51,1.0,0.49399999999999994,1.0,0.528,1.0,0.499,1.0,0.5080000000000001,1.0,0.48,1.0,0.472,1.0,0.509
1.0,0.485,1.0,0.471,1.0,0.509,1.0,0.493,1.0,0.528,1.0,0.501,1.0,0.511,1.0,0.47400000000000003,1.0,0.4720000000000001,1.0,0.51
1.0,0.487,1.0,0.471,1.0,0.508,1.0,0.496,1.0,0.524,1.0,0.499,1.0,0.511,1.0,0.472,1.0,0.47000000000000003,1.0,0.509
1.0,0.48900000000000005,1.0,0.4680000000000001,1.0,0.508,1.0,0.497,1.0,0.5269999999999999,1.0,0.5,1.0,0.511,1.0,0.47400000000000003,1.0,0.471,1.0,0.506
1.0,0.48900000000000005,1.0,0.46900000000000003,1.0,0.511,1.0,0.49800000000000005,1.0,0.526,1.0,0.5029999999999999,1.0,0.5109999999999999,1.0,0.475,1.0,0.47000000000000003,1.0,0.506
1.0,0.49000000000000005,1.0,0.472,1.0,0.5090000000000001,1.0,0.49800000000000005,1.0,0.527,1.0,0.5039999999999999,1.0,0.51,1.0,0.472,1.0,0.466,1.0,0.503
1.0,0.48900000000000005,1.0,0.47000000000000003,1.0,0.507,1.0,0.49800000000000005,1.0,0.526,1.0,0.503,1.0,0.51,1.0,0.47300000000000003,1.0,0.4640000000000001,1.0,0.502
1.0,0.491,1.0,0.46900000000000003,1.0,0.507,1.0,0.49400000000000005,1.0,0.527,1.0,0.5029999999999999,1.0,0.509,1.0,0.4720000000000001,1.0,0.46399999999999997,1.0,0.502
1.0,0.491,1.0,0.47000000000000003,1.0,0.5050000000000001,1.0,0.493,1.0,0.5290000000000001,1.0,0.5050000000000001,1.0,0.51,1.0,0.472,1.0,0.46799999999999997,1.0,0.5
1.0,0.492,1.0,0.471,1.0,0.504,1.0,0.492,1.0,0.5279999999999999,1.0,0.507,1.0,0.5109999999999999,1.0,0.471,1.0,0.466,1.0,0.49799999999999994
1.0,0.487,1.0,0.47000000000000003,1.0,0.5050000000000001,1.0,0.493,1.0,0.5290000000000001,1.0,0.5090000000000001,1.0,0.508,1.0,0.472,1.0,0.47000000000000003,1.0,0.49899999999999994
1.0,0.48900000000000005,1.0,0.47000000000000003,1.0,0.506,1.0,0.491,1.0,0.528,1.0,0.5090000000000001,1.0,0.51,1.0,0.473,1.0,0.472,1.0,0.496
1.0,0.4880000000000001,1.0,0.471,1.0,0.509,1.0,0.49000000000000005,1.0,0.526,1.0,0.508,1.0,0.514,1.0,0.472,1.0,0.473,1.0,0.496
1.0,0.491,1.0,0.47000000000000003,1.0,0.512,1.0,0.4870000000000001,1.0,0.5250000000000001,1.0,0.51,1.0,0.515,1.0,0.469,1.0,0.473,1.0,0.499
1.0,0.49400000000000005,1.0,0.47000000000000003,1.0,0.513,1.0,0.484,1.0,0.523,1.0,0.507,1.0,0.514,1.0,0.466,1.0,0.472,1.0,0.5
1.0,0.49399999999999994,1.0,0.471,1.0,0.517,1.0,0.48200000000000004,1.0,0.526,1.0,0.506,1.0,0.508,1.0,0.466,1.0,0.47000000000000003,1.0,0.502
1.0,0.491,1.0,0.46699999999999997,1.0,0.516,1.0,0.483,1.0,0.523,1.0,0.51,1.0,0.504,1.0,0.466,1.0,0.469,1.0,0.5
1.0,0.489,1.0,0.466,1.0,0.517,1.0,0.48200000000000004,1.0,0.5200000000000001,1.0,0.506,1.0,0.505,1.0,0.46799999999999997,1.0,0.471,1.0,0.501
1.0,0.488,1.0,0.466,1.0,0.518,1.0,0.483,1.0,0.522,1.0,0.509,1.0,0.504,1.0,0.469,1.0,0.472,1.0,0.497
1.0,0.487,1.0,0.472,1.0,0.521,1.0,0.48599999999999993,1.0,0.521,1.0,0.508,1.0,0.502,1.0,0.46799999999999997,1.0,0.469,1.0,0.49800000000000005
1.0,0.48599999999999993,1.0,0.47300000000000003,1.0,0.52,1.0,0.484,1.0,0.5199999999999999,1.0,0.5049999999999999,1.0,0.501,1.0,0.46799999999999997,1.0,0.46799999999999997,1.0,0.49499999999999994
1.0,0.485,1.0,0.471,1.0,0.519,1.0,0.485,1.0,0.522,1.0,0.504,1.0,0.504,1.0,0.46799999999999997,1.0,0.46299999999999997,1.0,0.49700000000000005
1.0,0.485,1.0,0.477,1.0,0.519,1.0,0.485,1.0,0.519,1.0,0.502,1.0,0.503,1.0,0.4680000000000001,1.0,0.46399999999999997,1.0,0.49799999999999994
1.0,0.484,1.0,0.47800000000000004,1.0,0.52,1.0,0.483,1.0,0.517,1.0,0.503,1.0,0.506,1.0,0.46799999999999997,1.0,0.46499999999999997,1.0,0.496
1.0,0.48200000000000004,1.0,0.47700000000000004,1.0,0.521,1.0,0.484,1.0,0.517,1.0,0.504,1.0,0.503,1.0,0.465,1.0,0.466,1.0,0.499
1.0,0.483,1.0,0.47800000000000004,1.0,0.525,1.0,0.48199999999999993,1.0,0.52,1.0,0.504,1.0,0.502,1.0,0.466,1.0,0.46399999999999997,1.0,0.502
1.0,0.487,1.0,0.48,1.0,0.522,1.0,0.48500000000000004,1.0,0.519,1.0,0.502,1.0,0.502,1.0,0.46799999999999997,1.0,0.466,1.0,0.49800000000000005
1.0,0.48600000000000004,1.0,0.48,1.0,0.518,1.0,0.48200000000000004,1.0,0.518,1.0,0.501,1.0,0.505,1.0,0.47000000000000003,1.0,0.466,1.0,0.492
1.0,0.48600000000000004,1.0,0.47800000000000004,1.0,0.514,1.0,0.48100000000000004,1.0,0.52,1.0,0.499,1.0,0.504,1.0,0.471,1.0,0.46399999999999997,1.0,0.49399999999999994
1.0,0.487,1.0,0.47800000000000004,1.0,0.515,1.0,0.485,1.0,0.518,1.0,0.497,1.0,0.502,1.0,0.46900000000000003,1.0,0.46299999999999997,1.0,0.493
1.0,0.48600000000000004,1.0,0.479,1.0,0.514,1.0,0.485,1.0,0.518,1.0,0.493,1.0,0.5,1.0,0.471,1.0,0.465,1.0,0.49399999999999994
1.0,0.487,1.0,0.4779999999999999,1.0,0.514,1.0,0.484,1.0,0.518,1.0,0.491,1.0,0.49800000000000005,1.0,0.472,1.0,0.4640000000000001,1.0,0.495
1.0,0.48599999999999993,1.0,0.48,1.0,0.509,1.0,0.485,1.0,0.518,1.0,0.495,1.0,0.4960000000000001,1.0,0.472,1.0,0.46299999999999997,1.0,0.49700000000000005
1.0,0.485,1.0,0.483,1.0,0.506,1.0,0.48599999999999993,1.0,0.5149999999999999,1.0,0.491,1.0,0.49400000000000005,1.0,0.472,1.0,0.46299999999999997,1.0,0.496
1.0,0.4870000000000001,1.0,0.485,1.0,0.5090000000000001,1.0,0.48200000000000004,1.0,0.514,1.0,0.49000000000000005,1.0,0.496,1.0,0.47300000000000003,1.0,0.46499999999999997,1.0,0.496
1.0,0.49000000000000005,1.0,0.484,1.0,0.509,1.0,0.483,1.0,0.513,1.0,0.493,1.0,0.49400000000000005,1.0,0.471,1.0,0.46399999999999997,1.0,0.49800000000000005
1.0,0.491,1.0,0.488,1.0,0.508,1.0,0.483,1.0,0.515,1.0,0.495,1.0,0.491,1.0,0.473,1.0,0.46499999999999997,1.0,0.497
1.0,0.491,1.0,0.48599999999999993,1.0,0.508,1.0,0.484,1.0,0.517,1.0,0.496,1.0,0.49400000000000005,1.0,0.47400000000000003,1.0,0.46699999999999997,1.0,0.499
1.0,0.491,1.0,0.48500000000000004,1.0,0.51,1.0,0.485,1.0,0.517,1.0,0.4960000000000001,1.0,0.493,1.0,0.47400000000000003,1.0,0.47000000000000003,1.0,0.4969999999999999
1.0,0.491,1.0,0.483,1.0,0.51,1.0,0.483,1.0,0.514,1.0,0.495,1.0,0.49499999999999994,1.0,0.475,1.0,0.46799999999999997,1.0,0.499
1.0,0.49000000000000005,1.0,0.484,1.0,0.5069999999999999,1.0,0.483,1.0,0.515,1.0,0.4960000000000001,1.0,0.493,1.0,0.48,1.0,0.47000000000000003,1.0,0.501
1.0,0.488,1.0,0.48500000000000004,1.0,0.507,1.0,0.484,1.0,0.516,1.0,0.499,1.0,0.492,1.0,0.48200000000000004,1.0,0.472,1.0,0.499
1.0,0.48900000000000005,1.0,0.48500000000000004,1.0,0.506,1.0,0.483,1.0,0.518,1.0,0.5,1.0,0.49099999999999994,1.0,0.483,1.0,0.475,1.0,0.5
1.0,0.491,1.0,0.483,1.0,0.505,1.0,0.48100000000000004,1.0,0.521,1.0,0.501,1.0,0.489,1.0,0.48,1.0,0.47400000000000003,1.0,0.502
1.0,0.48900000000000005,1.0,0.485,1.0,0.507,1.0,0.48100000000000004,1.0,0.519,1.0,0.5050000000000001,1.0,0.491,1.0,0.479,1.0,0.475,1.0,0.504
1.0,0.487,1.0,0.485,1.0,0.507,1.0,0.48100000000000004,1.0,0.52,1.0,0.503,1.0,0.491,1.0,0.48,1.0,0.476,1.0,0.504
1.0,0.487,1.0,0.483,1.0,0.506,1.0,0.48,1.0,0.52,1.0,0.5040000000000001,1.0,0.491,1.0,0.481,1.0,0.476,1.0,0.503
1.0,0.487,1.0,0.48200000000000004,1.0,0.502,1.0,0.47800000000000004,1.0,0.5199999999999999,1.0,0.504,1.0,0.489,1.0,0.48,1.0,0.477,1.0,0.502
1.0,0.485,1.0,0.484,1.0,0.502,1.0,0.47800000000000004,1.0,0.5199999999999999,1.0,0.5050000000000001,1.0,0.491,1.0,0.4779999999999999,1.0,0.475,1.0,0.5029999999999999
1.0,0.483,1.0,0.48600000000000004,1.0,0.499,1.0,0.4760000000000001,1.0,0.5209999999999999,1.0,0.506,1.0,0.48900000000000005,1.0,0.4779999999999999,1.0,0.471,1.0,0.504
1.0,0.484,1.0,0.488,1.0,0.49800000000000005,1.0,0.475,1.0,0.5210000000000001,1.0,0.508,1.0,0.489,1.0,0.48,1.0,0.471,1.0,0.505
1.0,0.48200000000000004,1.0,0.48600000000000004,1.0,0.497,1.0,0.47700000000000004,1.0,0.522,1.0,0.509,1.0,0.485,1.0,0.479,1.0,0.472,1.0,0.505
1.0,0.483,1.0,0.488,1.0,0.49800000000000005,1.0,0.47800000000000004,1.0,0.523,1.0,0.513,1.0,0.484,1.0,0.48,1.0,0.472,1.0,0.505
1.0,0.484,1.0,0.487,1.0,0.495,1.0,0.479,1.0,0.523,1.0,0.512,1.0,0.484,1.0,0.48,1.0,0.471,1.0,0.503
1.0,0.483,1.0,0.48900000000000005,1.0,0.5,1.0,0.4800000000000001,1.0,0.5199999999999999,1.0,0.5149999999999999,1.0,0.483,1.0,0.481,1.0,0.46900000000000003,1.0,0.505
1.0,0.484,1.0,0.48699999999999993,1.0,0.502,1.0,0.4779999999999999,1.0,0.524,1.0,0.5159999999999999,1.0,0.483,1.0,0.479,1.0,0.4659999999999999,1.0,0.503
1.0,0.483,1.0,0.487,1.0,0.503,1.0,0.47800000000000004,1.0,0.523,1.0,0.515,1.0,0.48200000000000004,1.0,0.47800000000000004,1.0,0.466,1.0,0.503
1.0,0.48100000000000004,1.0,0.48500000000000004,1.0,0.502,1.0,0.477,1.0,0.525,1.0,0.516,1.0,0.48199999999999993,1.0,0.479,1.0,0.46499999999999997,1.0,0.501
1.0,0.48100000000000004,1.0,0.484,1.0,0.504,1.0,0.4779999999999999,1.0,0.522,1.0,0.516,1.0,0.483,1.0,0.479,1.0,0.4680000000000001,1.0,0.5010000000000001
1.0,0.48200000000000004,1.0,0.48699999999999993,1.0,0.505,1.0,0.477,1.0,0.525,1.0,0.517,1.0,0.483,1.0,0.47800000000000004,1.0,0.472,1.0,0.503
1.0,0.483,1.0,0.487,1.0,0.506,1.0,0.479,1.0,0.525,1.0,0.516,1.0,0.48100000000000004,1.0,0.48,1.0,0.471,1.0,0.503
1.0,0.483,1.0,0.487,1.0,0.505,1.0,0.47700000000000004,1.0,0.524,1.0,0.519,1.0,0.483,1.0,0.483,1.0,0.469,1.0,0.506
1.0,0.483,1.0,0.48500000000000004,1.0,0.507,1.0,0.47700000000000004,1.0,0.521,1.0,0.518,1.0,0.483,1.0,0.48199999999999993,1.0,0.466,1.0,0.5069999999999999
1.0,0.48200000000000004,1.0,0.48500000000000004,1.0,0.506,1.0,0.47700000000000004,1.0,0.521,1.0,0.519,1.0,0.485,1.0,0.484,1.0,0.465,1.0,0.509
1.0,0.48500000000000004,1.0,0.483,1.0,0.504,1.0,0.47400000000000003,1.0,0.522,1.0,0.522,1.0,0.48599999999999993,1.0,0.484,1.0,0.465,1.0,0.5079999999999999
1.0,0.48500000000000004,1.0,0.479,1.0,0.5010000000000001,1.0,0.47300000000000003,1.0,0.5199999999999999,1.0,0.52,1.0,0.48599999999999993,1.0,0.488,1.0,0.4630000000000001,1.0,0.5069999999999999
1.0,0.48500000000000004,1.0,0.479,1.0,0.499,1.0,0.471,1.0,0.52,1.0,0.518,1.0,0.484,1.0,0.488,1.0,0.46299999999999997,1.0,0.509
1.0,0.487,1.0,0.48,1.0,0.499,1.0,0.47000000000000003,1.0,0.52,1.0,0.518,1.0,0.483,1.0,0.49000000000000005,1.0,0.45999999999999996,1.0,0.5069999999999999
1.0,0.488,1.0,0.48100000000000004,1.0,0.5,1.0,0.4710000000000001,1.0,0.522,1.0,0.517,1.0,0.485,1.0,0.4880000000000001,1.0,0.462,1.0,0.506
1.0,0.487,1.0,0.48200000000000004,1.0,0.5,1.0,0.47000000000000003,1.0,0.522,1.0,0.516,1.0,0.484,1.0,0.49000000000000005,1.0,0.45999999999999996,1.0,0.506
1.0,0.487,1.0,0.48600000000000004,1.0,0.502,1.0,0.472,1.0,0.522,1.0,0.516,1.0,0.48199999999999993,1.0,0.492,1.0,0.461,1.0,0.506
1.0,0.489,1.0,0.488,1.0,0.499,1.0,0.471,1.0,0.52,1.0,0.515,1.0,0.483,1.0,0.492,1.0,0.4700000000000001,1.0,0.504
1.0,0.488,1.0,0.49000000000000005,1.0,0.501,1.0,0.47300000000000003,1.0,0.518,1.0,0.514,1.0,0.484,1.0,0.492,1.0,0.4720000000000001,1.0,0.5029999999999999
1.0,0.489,1.0,0.491,1.0,0.503,1.0,0.47300000000000003,1.0,0.518,1.0,0.5149999999999999,1.0,0.485,1.0,0.49499999999999994,1.0,0.475,1.0,0.506
1.0,0.49000000000000005,1.0,0.491,1.0,0.502,1.0,0.471,1.0,0.518,1.0,0.5149999999999999,1.0,0.4880000000000001,1.0,0.49499999999999994,1.0,0.477,1.0,0.506
1.0,0.489,1.0,0.4920000000000001,1.0,0.5,1.0,0.47300000000000003,1.0,0.515,1.0,0.514,1.0,0.48699999999999993,1.0,0.495,1.0,0.47400000000000003,1.0,0.5050000000000001
1.0,0.49300000000000005,1.0,0.49300000000000005,1.0,0.499,1.0,0.472,1.0,0.5120000000000001,1.0,0.513,1.0,0.48900000000000005,1.0,0.49400000000000005,1.0,0.472,1.0,0.504
1.0,0.495,1.0,0.495,1.0,0.497,1.0,0.47000000000000003,1.0,0.5109999999999999,1.0,0.5149999999999999,1.0,0.49000000000000005,1.0,0.49399999999999994,1.0,0.472,1.0,0.5050000000000001
1.0,0.496,1.0,0.496,1.0,0.49400000000000005,1.0,0.47000000000000003,1.0,0.511,1.0,0.517,1.0,0.493,1.0,0.493,1.0,0.469,1.0,0.5050000000000001
1.0,0.49300000000000005,1.0,0.495,1.0,0.49400000000000005,1.0,0.471,1.0,0.51,1.0,0.515,1.0,0.491,1.0,0.496,1.0,0.469,1.0,0.507
1.0,0.49300000000000005,1.0,0.49300000000000005,1.0,0.495,1.0,0.47300000000000003,1.0,0.508,1.0,0.515,1.0,0.49000000000000005,1.0,0.495,1.0,0.46699999999999997,1.0,0.507
1.0,0.49400000000000005,1.0,0.49400000000000005,1.0,0.49400000000000005,1.0,0.47400000000000003,1.0,0.5090000000000001,1.0,0.515,1.0,0.488,1.0,0.495,1.0,0.46699999999999997,1.0,0.505
1.0,0.49400000000000005,1.0,0.49400000000000005,1.0,0.49399999999999994,1.0,0.475,1.0,0.5069999999999999,1.0,0.514,1.0,0.488,1.0,0.4920000000000001,1.0,0.46799999999999997,1.0,0.507
1.0,0.495,1.0,0.4960000000000001,1.0,0.491,1.0,0.476,1.0,0.506,1.0,0.5130000000000001,1.0,0.488,1.0,0.492,1.0,0.466,1.0,0.506
1.0,0.497,1.0,0.4960000000000001,1.0,0.492,1.0,0.47300000000000003,1.0,0.5069999999999999,1.0,0.5120000000000001,1.0,0.489,1.0,0.492,1.0,0.4640000000000001,1.0,0.507
1.0,0.4960000000000001,1.0,0.49399999999999994,1.0,0.48900000000000005,1.0,0.471,1.0,0.5090000000000001,1.0,0.5109999999999999,1.0,0.489,1.0,0.491,1.0,0.46699999999999997,1.0,0.507
1.0,0.495,1.0,0.49499999999999994,1.0,0.49000000000000005,1.0,0.47300000000000003,1.0,0.511,1.0,0.5109999999999999,1.0,0.488,1.0,0.488,1.0,0.466,1.0,0.5069999999999999
1.0,0.49400000000000005,1.0,0.49399999999999994,1.0,0.492,1.0,0.47400000000000003,1.0,0.511,1.0,0.51,1.0,0.48900000000000005,1.0,0.488,1.0,0.466,1.0,0.5079999999999999
1.0,0.49400000000000005,1.0,0.493,1.0,0.493,1.0,0.477,1.0,0.511,1.0,0.506,1.0,0.491,1.0,0.48600000000000004,1.0,0.4680000000000001,1.0,0.509
1.0,0.49400000000000005,1.0,0.492,1.0,0.48999999999999994,1.0,0.476,1.0,0.513,1.0,0.507,1.0,0.491,1.0,0.487,1.0,0.47000000000000003,1.0,0.5069999999999999
1.0,0.495,1.0,0.493,1.0,0.491,1.0,0.475,1.0,0.513,1.0,0.507,1.0,0.49000000000000005,1.0,0.48900000000000005,1.0,0.47000000000000003,1.0,0.5069999999999999
1.0,0.495,1.0,0.493,1.0,0.48999999999999994,1.0,0.472,1.0,0.5119999999999999,1.0,0.506,1.0,0.491,1.0,0.491,1.0,0.47000000000000003,1.0,0.504
1.0,0.495,1.0,0.492,1.0,0.48999999999999994,1.0,0.47300000000000003,1.0,0.5109999999999999,1.0,0.5050000000000001,1.0,0.49000000000000005,1.0,0.492,1.0,0.46799999999999997,1.0,0.502
1.0,0.49400000000000005,1.0,0.493,1.0,0.488,1.0,0.47300000000000003,1.0,0.511,1.0,0.5039999999999999,1.0,0.49000000000000005,1.0,0.491,1.0,0.46900000000000003,1.0,0.5029999999999999
1.0,0.49400000000000005,1.0,0.4950000000000001,1.0,0.4880000000000001,1.0,0.472,1.0,0.512,1.0,0.503,1.0,0.493,1.0,0.491,1.0,0.469,1.0,0.5029999999999999
1.0,0.49400000000000005,1.0,0.495,1.0,0.48599999999999993,1.0,0.47300000000000003,1.0,0.511,1.0,0.502,1.0,0.493,1.0,0.489,1.0,0.47000000000000003,1.0,0.501
1.0,0.495,1.0,0.495,1.0,0.48599999999999993,1.0,0.47300000000000003,1.0,0.513,1.0,0.504,1.0,0.492,1.0,0.488,1.0,0.46699999999999997,1.0,0.499
1.0,0.496,1.0,0.4960000000000001,1.0,0.487,1.0,0.472,1.0,0.512,1.0,0.506,1.0,0.491,1.0,0.488,1.0,0.46699999999999997,1.0,0.49899999999999994
1.0,0.49400000000000005,1.0,0.49399999999999994,1.0,0.488,1.0,0.475,1.0,0.5109999999999999,1.0,0.505,1.0,0.49000000000000005,1.0,0.489,1.0,0.47000000000000003,1.0,0.49899999999999994
1.0,0.49700000000000005,1.0,0.49399999999999994,1.0,0.48600000000000004,1.0,0.47400000000000003,1.0,0.5109999999999999,1.0,0.504,1.0,0.487,1.0,0.489,1.0,0.47000000000000003,1.0,0.49799999999999994
1.0,0.49700000000000005,1.0,0.493,1.0,0.487,1.0,0.473,1.0,0.509,1.0,0.505,1.0,0.49000000000000005,1.0,0.488,1.0,0.472,1.0,0.497
1.0,0.496,1.0,0.491,1.0,0.487,1.0,0.472,1.0,0.509,1.0,0.505,1.0,0.492,1.0,0.487,1.0,0.472,1.0,0.49800000000000005
1.0,0.495,1.0,0.49000000000000005,1.0,0.485,1.0,0.472,1.0,0.51,1.0,0.5039999999999999,1.0,0.493,1.0,0.487,1.0,0.47400000000000003,1.0,0.49800000000000005
1.0,0.49399999999999994,1.0,0.492,1.0,0.484,1.0,0.47300000000000003,1.0,0.51,1.0,0.502,1.0,0.49399999999999994,1.0,0.48900000000000005,1.0,0.47400000000000003,1.0,0.499
1.0,0.492,1.0,0.491,1.0,0.487,1.0,0.471,1.0,0.5109999999999999,1.0,0.5029999999999999,1.0,0.493,1.0,0.48900000000000005,1.0,0.47300000000000003,1.0,0.497
1.0,0.49499999999999994,1.0,0.48999999999999994,1.0,0.48900000000000005,1.0,0.4720000000000001,1.0,0.514,1.0,0.5029999999999999,1.0,0.495,1.0,0.488,1.0,0.4739999999999999,1.0,0.496
1.0,0.49399999999999994,1.0,0.49000000000000005,1.0,0.488,1.0,0.47000000000000003,1.0,0.514,1.0,0.503,1.0,0.495,1.0,0.48600000000000004,1.0,0.47300000000000003,1.0,0.497
1.0,0.49499999999999994,1.0,0.489,1.0,0.489,1.0,0.4720000000000001,1.0,0.516,1.0,0.504,1.0,0.497,1.0,0.48600000000000004,1.0,0.473,1.0,0.496
1.0,0.496,1.0,0.49000000000000005,1.0,0.4880000000000001,1.0,0.47300000000000003,1.0,0.514,1.0,0.505,1.0,0.5,1.0,0.485,1.0,0.473,1.0,0.49399999999999994
1.0,0.496,1.0,0.49000000000000005,1.0,0.4880000000000001,1.0,0.47300000000000003,1.0,0.514,1.0,0.507,1.0,0.499,1.0,0.484,1.0,0.4739999999999999,1.0,0.49399999999999994
1.0,0.497,1.0,0.491,1.0,0.49000000000000005,1.0,0.471,1.0,0.511,1.0,0.506,1.0,0.49800000000000005,1.0,0.48200000000000004,1.0,0.4739999999999999,1.0,0.493
1.0,0.496,1.0,0.491,1.0,0.49000000000000005,1.0,0.471,1.0,0.511,1.0,0.509,1.0,0.49800000000000005,1.0,0.48,1.0,0.473,1.0,0.49400000000000005
1.0,0.495,1.0,0.49099999999999994,1.0,0.491,1.0,0.471,1.0,0.514,1.0,0.51,1.0,0.5,1.0,0.4800000000000001,1.0,0.472,1.0,0.496
1.0,0.495,1.0,0.492,1.0,0.49000000000000005,1.0,0.471,1.0,0.515,1.0,0.511,1.0,0.499,1.0,0.48200000000000004,1.0,0.47000000000000003,1.0,0.496
1.0,0.49399999999999994,1.0,0.491,1.0,0.491,1.0,0.469,1.0,0.515,1.0,0.51,1.0,0.49800000000000005,1.0,0.48200000000000004,1.0,0.471,1.0,0.497
1.0,0.493,1.0,0.492,1.0,0.491,1.0,0.46799999999999997,1.0,0.517,1.0,0.508,1.0,0.497,1.0,0.48200000000000004,1.0,0.472,1.0,0.49499999999999994
1.0,0.492,1.0,0.493,1.0,0.492,1.0,0.46699999999999997,1.0,0.517,1.0,0.506,1.0,0.49700000000000005,1.0,0.484,1.0,0.4720000000000001,1.0,0.49400000000000005
1.0,0.49399999999999994,1.0,0.49399999999999994,1.0,0.491,1.0,0.46799999999999997,1.0,0.516,1.0,0.5050000000000001,1.0,0.497,1.0,0.484,1.0,0.4720000000000001,1.0,0.493
1.0,0.495,1.0,0.493,1.0,0.48900000000000005,1.0,0.46799999999999997,1.0,0.518,1.0,0.5039999999999999,1.0,0.497,1.0,0.483,1.0,0.47700000000000004,1.0,0.491
1.0,0.493,1.0,0.49399999999999994,1.0,0.492,1.0,0.46799999999999997,1.0,0.518,1.0,0.5039999999999999,1.0,0.496,1.0,0.48199999999999993,1.0,0.4760000000000001,1.0,0.493
1.0,0.49400000000000005,1.0,0.4959999999999999,1.0,0.49399999999999994,1.0,0.471,1.0,0.517,1.0,0.5049999999999999,1.0,0.49700000000000005,1.0,0.481,1.0,0.47700000000000004,1.0,0.493
1.0,0.493,1.0,0.49399999999999994,1.0,0.49400000000000005,1.0,0.469,1.0,0.516,1.0,0.502,1.0,0.5,1.0,0.483,1.0,0.47700000000000004,1.0,0.493
1.0,0.491,1.0,0.49399999999999994,1.0,0.495,1.0,0.46799999999999997,1.0,0.515,1.0,0.5029999999999999,1.0,0.499,1.0,0.48599999999999993,1.0,0.47700000000000004,1.0,0.493
1.0,0.493,1.0,0.499,1.0,0.497,1.0,0.46799999999999997,1.0,0.5120000000000001,1.0,0.502,1.0,0.501,1.0,0.484,1.0,0.475,1.0,0.492
1.0,0.491,1.0,0.497,1.0,0.49799999999999994,1.0,0.46699999999999997,1.0,0.5120000000000001,1.0,0.5039999999999999,1.0,0.5,1.0,0.48600000000000004,1.0,0.475,1.0,0.492
1.0,0.492,1.0,0.497,1.0,0.5,1.0,0.46799999999999997,1.0,0.5120000000000001,1.0,0.502,1.0,0.5,1.0,0.48600000000000004,1.0,0.471,1.0,0.495
1.0,0.491,1.0,0.496,1.0,0.49800000000000005,1.0,0.46900000000000003,1.0,0.5109999999999999,1.0,0.5030000000000001,1.0,0.501,1.0,0.48600000000000004,1.0,0.471,1.0,0.495
1.0,0.491,1.0,0.49499999999999994,1.0,0.499,1.0,0.469,1.0,0.5120000000000001,1.0,0.503,1.0,0.5,1.0,0.48200000000000004,1.0,0.471,1.0,0.495
1.0,0.491,1.0,0.4959999999999999,1.0,0.499,1.0,0.47300000000000003,1.0,0.51,1.0,0.504,1.0,0.5,1.0,0.481,1.0,0.47300000000000003,1.0,0.495
1.0,0.492,1.0,0.49399999999999994,1.0,0.501,1.0,0.47300000000000003,1.0,0.5069999999999999,1.0,0.503,1.0,0.49800000000000005,1.0,0.483,1.0,0.472,1.0,0.495
1.0,0.491,1.0,0.49499999999999994,1.0,0.5,1.0,0.472,1.0,0.5069999999999999,1.0,0.504,1.0,0.5,1.0,0.48,1.0,0.472,1.0,0.497
1.0,0.48900000000000005,1.0,0.496,1.0,0.5,1.0,0.472,1.0,0.506,1.0,0.505,1.0,0.503,1.0,0.483,1.0,0.4739999999999999,1.0,0.499
1.0,0.488,1.0,0.497,1.0,0.502,1.0,0.47000000000000003,1.0,0.506,1.0,0.507,1.0,0.502,1.0,0.484,1.0,0.475,1.0,0.499
1.0,0.487,1.0,0.497,1.0,0.502,1.0,0.46699999999999997,1.0,0.5069999999999999,1.0,0.506,1.0,0.502,1.0,0.488,1.0,0.475,1.0,0.5
1.0,0.4880000000000001,1.0,0.49800000000000005,1.0,0.502,1.0,0.46699999999999997,1.0,0.506,1.0,0.507,1.0,0.499,1.0,0.48600000000000004,1.0,0.476,1.0,0.5
1.0,0.48900000000000005,1.0,0.49800000000000005,1.0,0.501,1.0,0.46499999999999997,1.0,0.506,1.0,0.507,1.0,0.499,1.0,0.487,1.0,0.475,1.0,0.49800000000000005
1.0,0.48699999999999993,1.0,0.499,1.0,0.504,1.0,0.46299999999999997,1.0,0.5069999999999999,1.0,0.506,1.0,0.499,1.0,0.488,1.0,0.476,1.0,0.499
1.0,0.485,1.0,0.499,1.0,0.5069999999999999,1.0,0.4640000000000001,1.0,0.508,1.0,0.5029999999999999,1.0,0.499,1.0,0.48900000000000005,1.0,0.47800000000000004,1.0,0.49800000000000005
1.0,0.48599999999999993,1.0,0.499,1.0,0.5090000000000001,1.0,0.46399999999999997,1.0,0.507,1.0,0.501,1.0,0.499,1.0,0.487,1.0,0.4779999999999999,1.0,0.49800000000000005
1.0,0.488,1.0,0.5010000000000001,1.0,0.5090000000000001,1.0,0.46399999999999997,1.0,0.507,1.0,0.502,1.0,0.5,1.0,0.487,1.0,0.477,1.0,0.49800000000000005
1.0,0.489,1.0,0.503,1.0,0.51,1.0,0.465,1.0,0.506,1.0,0.502,1.0,0.501,1.0,0.489,1.0,0.48,1.0,0.499
1.0,0.492,1.0,0.502,1.0,0.51,1.0,0.46699999999999997,1.0,0.506,1.0,0.501,1.0,0.501,1.0,0.49000000000000005,1.0,0.48100000000000004,1.0,0.499
1.0,0.491,1.0,0.5,1.0,0.509,1.0,0.4699999999999999,1.0,0.506,1.0,0.502,1.0,0.5029999999999999,1.0,0.49000000000000005,1.0,0.48,1.0,0.5
1.0,0.491,1.0,0.49799999999999994,1.0,0.5080000000000001,1.0,0.4699999999999999,1.0,0.506,1.0,0.5050000000000001,1.0,0.506,1.0,0.489,1.0,0.483,1.0,0.49799999999999994
1.0,0.491,1.0,0.49899999999999994,1.0,0.507,1.0,0.469,1.0,0.5040000000000001,1.0,0.5050000000000001,1.0,0.509,1.0,0.487,1.0,0.479,1.0,0.49800000000000005
1.0,0.491,1.0,0.49899999999999994,1.0,0.505,1.0,0.469,1.0,0.505,1.0,0.506,1.0,0.508,1.0,0.48500000000000004,1.0,0.481,1.0,0.49800000000000005
1.0,0.492,1.0,0.499,1.0,0.507,1.0,0.46799999999999997,1.0,0.503,1.0,0.506,1.0,0.509,1.0,0.483,1.0,0.483,1.0,0.49800000000000005
1.0,0.491,1.0,0.5,1.0,0.506,1.0,0.46699999999999997,1.0,0.503,1.0,0.508,1.0,0.5090000000000001,1.0,0.483,1.0,0.48200000000000004,1.0,0.497
1.0,0.48999999999999994,1.0,0.499,1.0,0.507,1.0,0.46699999999999997,1.0,0.502,1.0,0.506,1.0,0.508,1.0,0.483,1.0,0.481,1.0,0.497
1.0,0.493,1.0,0.501,1.0,0.507,1.0,0.47000000000000003,1.0,0.503,1.0,0.505,1.0,0.5119999999999999,1.0,0.483,1.0,0.481,1.0,0.496
1.0,0.491,1.0,0.501,1.0,0.506,1.0,0.46900000000000003,1.0,0.505,1.0,0.505,1.0,0.5130000000000001,1.0,0.484,1.0,0.481,1.0,0.49400000000000005
1.0,0.491,1.0,0.503,1.0,0.505,1.0,0.469,1.0,0.505,1.0,0.507,1.0,0.513,1.0,0.483,1.0,0.48,1.0,0.49400000000000005
1.0,0.493,1.0,0.505,1.0,0.506,1.0,0.46900000000000003,1.0,0.506,1.0,0.507,1.0,0.513,1.0,0.484,1.0,0.48100000000000004,1.0,0.493
1.0,0.49399999999999994,1.0,0.506,1.0,0.508,1.0,0.471,1.0,0.507,1.0,0.51,1.0,0.51,1.0,0.484,1.0,0.483,1.0,0.492
1.0,0.497,1.0,0.504,1.0,0.507,1.0,0.47000000000000003,1.0,0.508,1.0,0.51,1.0,0.51,1.0,0.484,1.0,0.483,1.0,0.49399999999999994
1.0,0.5,1.0,0.504,1.0,0.5039999999999999,1.0,0.47000000000000003,1.0,0.507,1.0,0.51,1.0,0.5090000000000001,1.0,0.484,1.0,0.483,1.0,0.493
1.0,0.5,1.0,0.506,1.0,0.502,1.0,0.471,1.0,0.507,1.0,0.508,1.0,0.5090000000000001,1.0,0.485,1.0,0.483,1.0,0.493
1.0,0.49799999999999994,1.0,0.5079999999999999,1.0,0.5,1.0,0.47000000000000003,1.0,0.509,1.0,0.506,1.0,0.51,1.0,0.485,1.0,0.48199999999999993,1.0,0.49400000000000005
1.0,0.49899999999999994,1.0,0.5069999999999999,1.0,0.49800000000000005,1.0,0.4720000000000001,1.0,0.508,1.0,0.506,1.0,0.511,1.0,0.484,1.0,0.481,1.0,0.49400000000000005
1.0,0.49899999999999994,1.0,0.505,1.0,0.5,1.0,0.47400000000000003,1.0,0.507,1.0,0.507,1.0,0.5090000000000001,1.0,0.487,1.0,0.48100000000000004,1.0,0.496
1.0,0.49899999999999994,1.0,0.505,1.0,0.499,1.0,0.476,1.0,0.509,1.0,0.508,1.0,0.508,1.0,0.489,1.0,0.48200000000000004,1.0,0.495
1.0,0.49899999999999994,1.0,0.505,1.0,0.49800000000000005,1.0,0.475,1.0,0.508,1.0,0.51,1.0,0.504,1.0,0.48500000000000004,1.0,0.481,1.0,0.495
1.0,0.49799999999999994,1.0,0.505,1.0,0.497,1.0,0.476,1.0,0.509,1.0,0.5109999999999999,1.0,0.504,1.0,0.483,1.0,0.48200000000000004,1.0,0.49499999999999994
1.0,0.496,1.0,0.506,1.0,0.497,1.0,0.47400000000000003,1.0,0.51,1.0,0.51,1.0,0.504,1.0,0.483,1.0,0.48200000000000004,1.0,0.496
1.0,0.495,1.0,0.504,1.0,0.49799999999999994,1.0,0.47400000000000003,1.0,0.51,1.0,0.509,1.0,0.504,1.0,0.4840000000000001,1.0,0.483,1.0,0.496
1.0,0.49399999999999994,1.0,0.504,1.0,0.496,1.0,0.4749999999999999,1.0,0.509,1.0,0.509,1.0,0.504,1.0,0.483,1.0,0.483,1.0,0.496
1.0,0.49399999999999994,1.0,0.505,1.0,0.497,1.0,0.4749999999999999,1.0,0.51,1.0,0.51,1.0,0.506,1.0,0.48100000000000004,1.0,0.484,1.0,0.496
1.0,0.49700000000000005,1.0,0.506,1.0,0.497,1.0,0.477,1.0,0.5109999999999999,1.0,0.509,1.0,0.507,1.0,0.4789999999999999,1.0,0.484,1.0,0.49399999999999994
1.0,0.497,1.0,0.505,1.0,0.497,1.0,0.475,1.0,0.51,1.0,0.509,1.0,0.507,1.0,0.4779999999999999,1.0,0.48600000000000004,1.0,0.49399999999999994
1.0,0.49499999999999994,1.0,0.505,1.0,0.496,1.0,0.476,1.0,0.5130000000000001,1.0,0.509,1.0,0.507,1.0,0.477,1.0,0.48599999999999993,1.0,0.49499999999999994
1.0,0.497,1.0,0.506,1.0,0.496,1.0,0.475,1.0,0.51,1.0,0.508,1.0,0.507,1.0,0.4790000000000001,1.0,0.48599999999999993,1.0,0.493
1.0,0.49799999999999994,1.0,0.506,1.0,0.49399999999999994,1.0,0.476,1.0,0.509,1.0,0.5090000000000001,1.0,0.5090000000000001,1.0,0.47800000000000004,1.0,0.487,1.0,0.493
1.0,0.49899999999999994,1.0,0.505,1.0,0.49399999999999994,1.0,0.477,1.0,0.51,1.0,0.5090000000000001,1.0,0.507,1.0,0.48100000000000004,1.0,0.487,1.0,0.493
1.0,0.49799999999999994,1.0,0.505,1.0,0.492,1.0,0.477,1.0,0.509,1.0,0.507,1.0,0.505,1.0,0.48,1.0,0.488,1.0,0.493
1.0,0.499,1.0,0.5079999999999999,1.0,0.49300000000000005,1.0,0.477,1.0,0.51,1.0,0.5080000000000001,1.0,0.507,1.0,0.48200000000000004,1.0,0.48900000000000005,1.0,0.492
1.0,0.501,1.0,0.5069999999999999,1.0,0.49300000000000005,1.0,0.479,1.0,0.51,1.0,0.508,1.0,0.508,1.0,0.48200000000000004,1.0,0.48900000000000005,1.0,0.492
1.0,0.5,1.0,0.508,1.0,0.493,1.0,0.481,1.0,0.5109999999999999,1.0,0.506,1.0,0.509,1.0,0.48200000000000004,1.0,0.49000000000000005,1.0,0.493
1.0,0.49800000000000005,1.0,0.508,1.0,0.49399999999999994,1.0,0.48199999999999993,1.0,0.5109999999999999,1.0,0.508,1.0,0.508,1.0,0.483,1.0,0.491,1.0,0.49400000000000005
1.0,0.499,1.0,0.51,1.0,0.49399999999999994,1.0,0.48199999999999993,1.0,0.51,1.0,0.508,1.0,0.506,1.0,0.48200000000000004,1.0,0.491,1.0,0.49400000000000005
1.0,0.501,1.0,0.5109999999999999,1.0,0.491,1.0,0.483,1.0,0.5109999999999999,1.0,0.5090000000000001,1.0,0.506,1.0,0.48100000000000004,1.0,0.48900000000000005,1.0,0.495
1.0,0.499,1.0,0.51,1.0,0.48900000000000005,1.0,0.483,1.0,0.51,1.0,0.508,1.0,0.506,1.0,0.47800000000000004,1.0,0.49000000000000005,1.0,0.49700000000000005
1.0,0.5,1.0,0.508,1.0,0.48600000000000004,1.0,0.48100000000000004,1.0,0.508,1.0,0.508,1.0,0.5049999999999999,1.0,0.479,1.0,0.48900000000000005,1.0,0.49499999999999994
1.0,0.502,1.0,0.511,1.0,0.48600000000000004,1.0,0.484,1.0,0.509,1.0,0.506,1.0,0.505,1.0,0.479,1.0,0.4880000000000001,1.0,0.49700000000000005
1.0,0.499,1.0,0.51,1.0,0.484,1.0,0.48100000000000004,1.0,0.508,1.0,0.505,1.0,0.504,1.0,0.47800000000000004,1.0,0.4870000000000001,1.0,0.49800000000000005
1.0,0.499,1.0,0.51,1.0,0.484,1.0,0.47999999999999987,1.0,0.507,1.0,0.502,1.0,0.505,1.0,0.47800000000000004,1.0,0.49000000000000005,1.0,0.49800000000000005
1.0,0.5010000000000001,1.0,0.511,1.0,0.483,1.0,0.4779999999999999,1.0,0.5050000000000001,1.0,0.502,1.0,0.505,1.0,0.479,1.0,0.492,1.0,0.49800000000000005
1.0,0.49800000000000005,1.0,0.511,1.0,0.485,1.0,0.4779999999999999,1.0,0.504,1.0,0.4999999999999999,1.0,0.504,1.0,0.47800000000000004,1.0,0.491,1.0,0.499
1.0,0.49800000000000005,1.0,0.51,1.0,0.483,1.0,0.476,1.0,0.5050000000000001,1.0,0.502,1.0,0.504,1.0,0.47800000000000004,1.0,0.491,1.0,0.49800000000000005
1.0,0.49800000000000005,1.0,0.5090000000000001,1.0,0.48200000000000004,1.0,0.475,1.0,0.508,1.0,0.5,1.0,0.502,1.0,0.47700000000000004,1.0,0.491,1.0,0.49800000000000005
1.0,0.499,1.0,0.507,1.0,0.483,1.0,0.475,1.0,0.507,1.0,0.502,1.0,0.504,1.0,0.479,1.0,0.48999999999999994,1.0,0.49799999999999994
1.0,0.49800000000000005,1.0,0.507,1.0,0.483,1.0,0.475,1.0,0.506,1.0,0.502,1.0,0.502,1.0,0.479,1.0,0.48999999999999994,1.0,0.497
1.0,0.499,1.0,0.508,1.0,0.483,1.0,0.476,1.0,0.503,1.0,0.502,1.0,0.5029999999999999,1.0,0.47800000000000004,1.0,0.492,1.0,0.497
1.0,0.499,1.0,0.508,1.0,0.483,1.0,0.475,1.0,0.505,1.0,0.5040000000000001,1.0,0.5029999999999999,1.0,0.47800000000000004,1.0,0.492,1.0,0.496
1.0,0.497,1.0,0.507,1.0,0.48500000000000004,1.0,0.476,1.0,0.505,1.0,0.502,1.0,0.502,1.0,0.47800000000000004,1.0,0.492,1.0,0.495
1.0,0.497,1.0,0.507,1.0,0.48500000000000004,1.0,0.476,1.0,0.505,1.0,0.502,1.0,0.5029999999999999,1.0,0.47700000000000004,1.0,0.492,1.0,0.496
1.0,0.495,1.0,0.509,1.0,0.4830000000000001,1.0,0.476,1.0,0.506,1.0,0.5030000000000001,1.0,0.5039999999999999,1.0,0.47800000000000004,1.0,0.492,1.0,0.495
1.0,0.49399999999999994,1.0,0.509,1.0,0.48,1.0,0.4779999999999999,1.0,0.506,1.0,0.5030000000000001,1.0,0.5039999999999999,1.0,0.477,1.0,0.489,1.0,0.49400000000000005
1.0,0.49399999999999994,1.0,0.507,1.0,0.479,1.0,0.4779999999999999,1.0,0.507,1.0,0.5030000000000001,1.0,0.5050000000000001,1.0,0.476,1.0,0.489,1.0,0.496
1.0,0.49499999999999994,1.0,0.507,1.0,0.476,1.0,0.4779999999999999,1.0,0.505,1.0,0.502,1.0,0.5049999999999999,1.0,0.476,1.0,0.49000000000000005,1.0,0.496
1.0,0.5,1.0,0.507,1.0,0.477,1.0,0.4779999999999999,1.0,0.505,1.0,0.499,1.0,0.5029999999999999,1.0,0.476,1.0,0.48999999999999994,1.0,0.49399999999999994
1.0,0.501,1.0,0.508,1.0,0.476,1.0,0.479,1.0,0.508,1.0,0.501,1.0,0.5039999999999999,1.0,0.475,1.0,0.49000000000000005,1.0,0.495
1.0,0.501,1.0,0.506,1.0,0.475,1.0,0.48,1.0,0.508,1.0,0.501,1.0,0.5039999999999999,1.0,0.475,1.0,0.49000000000000005,1.0,0.495
1.0,0.502,1.0,0.505,1.0,0.475,1.0,0.48100000000000004,1.0,0.507,1.0,0.502,1.0,0.5029999999999999,1.0,0.473,1.0,0.49000000000000005,1.0,0.49400000000000005
1.0,0.501,1.0,0.505,1.0,0.475,1.0,0.48200000000000004,1.0,0.507,1.0,0.503,1.0,0.5039999999999999,1.0,0.473,1.0,0.49000000000000005,1.0,0.49400000000000005
1.0,0.5,1.0,0.504,1.0,0.477,1.0,0.48100000000000004,1.0,0.507,1.0,0.503,1.0,0.5039999999999999,1.0,0.4739999999999999,1.0,0.49000000000000005,1.0,0.496
1.0,0.499,1.0,0.505,1.0,0.47700000000000004,1.0,0.48100000000000004,1.0,0.507,1.0,0.5040000000000001,1.0,0.5029999999999999,1.0,0.475,1.0,0.49000000000000005,1.0,0.497
1.0,0.499,1.0,0.506,1.0,0.47800000000000004,1.0,0.48100000000000004,1.0,0.507,1.0,0.5050000000000001,1.0,0.5029999999999999,1.0,0.476,1.0,0.489,1.0,0.497
1.0,0.49800000000000005,1.0,0.505,1.0,0.476,1.0,0.48100000000000004,1.0,0.507,1.0,0.5039999999999999,1.0,0.503,1.0,0.477,1.0,0.48999999999999994,1.0,0.496
1.0,0.49700000000000005,1.0,0.504,1.0,0.48200000000000004,1.0,0.48100000000000004,1.0,0.5069999999999999,1.0,0.5039999999999999,1.0,0.503,1.0,0.477,1.0,0.489,1.0,0.496
1.0,0.49800000000000005,1.0,0.5050000000000001,1.0,0.483,1.0,0.4789999999999999,1.0,0.506,1.0,0.5039999999999999,1.0,0.504,1.0,0.477,1.0,0.488,1.0,0.496
1.0,0.49800000000000005,1.0,0.505,1.0,0.48200000000000004,1.0,0.477,1.0,0.5069999999999999,1.0,0.501,1.0,0.504,1.0,0.4760000000000001,1.0,0.488,1.0,0.49499999999999994
1.0,0.49800000000000005,1.0,0.5069999999999999,1.0,0.481,1.0,0.476,1.0,0.506,1.0,0.502,1.0,0.507,1.0,0.47700000000000004,1.0,0.487,1.0,0.4959999999999999
1.0,0.49800000000000005,1.0,0.506,1.0,0.48,1.0,0.476,1.0,0.505,1.0,0.503,1.0,0.507,1.0,0.4760000000000001,1.0,0.4880000000000001,1.0,0.497
1.0,0.49700000000000005,1.0,0.507,1.0,0.47800000000000004,1.0,0.475,1.0,0.505,1.0,0.5,1.0,0.5080000000000001,1.0,0.4760000000000001,1.0,0.487,1.0,0.49800000000000005
1.0,0.5,1.0,0.507,1.0,0.4800000000000001,1.0,0.47300000000000003,1.0,0.505,1.0,0.499,1.0,0.5080000000000001,1.0,0.475,1.0,0.484,1.0,0.496
1.0,0.499,1.0,0.508,1.0,0.479,1.0,0.471,1.0,0.505,1.0,0.499,1.0,0.5090000000000001,1.0,0.476,1.0,0.484,1.0,0.496
1.0,0.49799999999999994,1.0,0.5089999999999999,1.0,0.4779999999999999,1.0,0.472,1.0,0.506,1.0,0.5,1.0,0.51,1.0,0.477,1.0,0.48599999999999993,1.0,0.497
1.0,0.49800000000000005,1.0,0.5069999999999999,1.0,0.47400000000000003,1.0,0.472,1.0,0.508,1.0,0.5,1.0,0.509,1.0,0.47800000000000004,1.0,0.48599999999999993,1.0,0.497
1.0,0.499,1.0,0.5069999999999999,1.0,0.476,1.0,0.47300000000000003,1.0,0.51,1.0,0.49800000000000005,1.0,0.51,1.0,0.47800000000000004,1.0,0.485,1.0,0.496
1.0,0.49799999999999994,1.0,0.5079999999999999,1.0,0.47300000000000003,1.0,0.471,1.0,0.5109999999999999,1.0,0.49800000000000005,1.0,0.51,1.0,0.47800000000000004,1.0,0.484,1.0,0.49700000000000005
1.0,0.49800000000000005,1.0,0.5069999999999999,1.0,0.4739999999999999,1.0,0.473,1.0,0.5109999999999999,1.0,0.496,1.0,0.5090000000000001,1.0,0.48,1.0,0.483,1.0,0.49800000000000005
1.0,0.49700000000000005,1.0,0.5069999999999999,1.0,0.4739999999999999,1.0,0.473,1.0,0.51,1.0,0.495,1.0,0.508,1.0,0.479,1.0,0.483,1.0,0.495
1.0,0.497,1.0,0.506,1.0,0.4739999999999999,1.0,0.472,1.0,0.5109999999999999,1.0,0.496,1.0,0.505,1.0,0.47800000000000004,1.0,0.48200000000000004,1.0,0.495
1.0,0.499,1.0,0.506,1.0,0.475,1.0,0.472,1.0,0.5109999999999999,1.0,0.495,1.0,0.504,1.0,0.481,1.0,0.48199999999999993,1.0,0.492
1.0,0.5,1.0,0.507,1.0,0.475,1.0,0.472,1.0,0.5109999999999999,1.0,0.495,1.0,0.504,1.0,0.479,1.0,0.48199999999999993,1.0,0.492
1.0,0.501,1.0,0.508,1.0,0.475,1.0,0.471,1.0,0.5109999999999999,1.0,0.496,1.0,0.504,1.0,0.47700000000000004,1.0,0.481,1.0,0.492
1.0,0.501,1.0,0.506,1.0,0.47300000000000003,1.0,0.47300000000000003,1.0,0.51,1.0,0.496,1.0,0.503,1.0,0.4760000000000001,1.0,0.481,1.0,0.493
1.0,0.501,1.0,0.5050000000000001,1.0,0.473,1.0,0.473,1.0,0.513,1.0,0.49499999999999994,1.0,0.502,1.0,0.4760000000000001,1.0,0.483,1.0,0.49399999999999994
1.0,0.501,1.0,0.5050000000000001,1.0,0.475,1.0,0.475,1.0,0.51,1.0,0.49399999999999994,1.0,0.501,1.0,0.47400000000000003,1.0,0.484,1.0,0.49399999999999994
1.0,0.501,1.0,0.504,1.0,0.475,1.0,0.47400000000000003,1.0,0.509,1.0,0.492,1.0,0.501,1.0,0.47400000000000003,1.0,0.484,1.0,0.493
1.0,0.5,1.0,0.506,1.0,0.475,1.0,0.47300000000000003,1.0,0.507,1.0,0.49499999999999994,1.0,0.5,1.0,0.4750000000000001,1.0,0.483,1.0,0.491
1.0,0.5,1.0,0.504,1.0,0.475,1.0,0.475,1.0,0.5080000000000001,1.0,0.496,1.0,0.501,1.0,0.475,1.0,0.484,1.0,0.491
1.0,0.5,1.0,0.5050000000000001,1.0,0.47400000000000003,1.0,0.475,1.0,0.507,1.0,0.49700000000000005,1.0,0.502,1.0,0.476,1.0,0.484,1.0,0.48900000000000005
1.0,0.499,1.0,0.5050000000000001,1.0,0.473,1.0,0.47400000000000003,1.0,0.506,1.0,0.495,1.0,0.5050000000000001,1.0,0.476,1.0,0.483,1.0,0.48900000000000005
1.0,0.49700000000000005,1.0,0.504,1.0,0.473,1.0,0.47300000000000003,1.0,0.507,1.0,0.495,1.0,0.5050000000000001,1.0,0.477,1.0,0.483,1.0,0.48900000000000005
1.0,0.496,1.0,0.504,1.0,0.472,1.0,0.47300000000000003,1.0,0.507,1.0,0.4960000000000001,1.0,0.506,1.0,0.477,1.0,0.483,1.0,0.48900000000000005
1.0,0.4960000000000001,1.0,0.5010000000000001,1.0,0.471,1.0,0.47400000000000003,1.0,0.507,1.0,0.49700000000000005,1.0,0.505,1.0,0.47400000000000003,1.0,0.483,1.0,0.49000000000000005
1.0,0.4960000000000001,1.0,0.5010000000000001,1.0,0.473,1.0,0.47400000000000003,1.0,0.509,1.0,0.49800000000000005,1.0,0.5039999999999999,1.0,0.47300000000000003,1.0,0.483,1.0,0.493
1.0,0.4950000000000001,1.0,0.501,1.0,0.47400000000000003,1.0,0.475,1.0,0.509,1.0,0.5029999999999999,1.0,0.504,1.0,0.476,1.0,0.483,1.0,0.49400000000000005
1.0,0.49400000000000005,1.0,0.499,1.0,0.4739999999999999,1.0,0.475,1.0,0.509,1.0,0.503,1.0,0.504,1.0,0.477,1.0,0.483,1.0,0.49400000000000005
1.0,0.496,1.0,0.5,1.0,0.4739999999999999,1.0,0.476,1.0,0.51,1.0,0.503,1.0,0.505,1.0,0.476,1.0,0.48200000000000004,1.0,0.495
1.0,0.49800000000000005,1.0,0.5,1.0,0.477,1.0,0.476,1.0,0.509,1.0,0.503,1.0,0.505,1.0,0.476,1.0,0.48200000000000004,1.0,0.497
1.0,0.4960000000000001,1.0,0.499,1.0,0.475,1.0,0.479,1.0,0.508,1.0,0.504,1.0,0.5029999999999999,1.0,0.476,1.0,0.48200000000000004,1.0,0.496
1.0,0.49399999999999994,1.0,0.5,1.0,0.4739999999999999,1.0,0.47800000000000004,1.0,0.509,1.0,0.504,1.0,0.5029999999999999,1.0,0.47800000000000004,1.0,0.48200000000000004,1.0,0.495
1.0,0.493,1.0,0.501,1.0,0.47400000000000003,1.0,0.477,1.0,0.508,1.0,0.504,1.0,0.503,1.0,0.4779999999999999,1.0,0.481,1.0,0.49400000000000005
1.0,0.493,1.0,0.5,1.0,0.476,1.0,0.476,1.0,0.508,1.0,0.503,1.0,0.503,1.0,0.4800000000000001,1.0,0.479,1.0,0.495
1.0,0.493,1.0,0.499,1.0,0.4779999999999999,1.0,0.475,1.0,0.51,1.0,0.502,1.0,0.503,1.0,0.48100000000000004,1.0,0.48,1.0,0.495
1.0,0.49400000000000005,1.0,0.49800000000000005,1.0,0.479,1.0,0.476,1.0,0.51,1.0,0.5,1.0,0.504,1.0,0.483,1.0,0.479,1.0,0.495
1.0,0.49400000000000005,1.0,0.49800000000000005,1.0,0.48,1.0,0.476,1.0,0.509,1.0,0.5,1.0,0.504,1.0,0.48200000000000004,1.0,0.479,1.0,0.495
1.0,0.492,1.0,0.49800000000000005,1.0,0.48,1.0,0.477,1.0,0.506,1.0,0.5,1.0,0.5029999999999999,1.0,0.48200000000000004,1.0,0.479,1.0,0.49400000000000005
1.0,0.492,1.0,0.499,1.0,0.48,1.0,0.4779999999999999,1.0,0.509,1.0,0.5,1.0,0.5029999999999999,1.0,0.48200000000000004,1.0,0.47800000000000004,1.0,0.491
1.0,0.493,1.0,0.5010000000000001,1.0,0.47800000000000004,1.0,0.477,1.0,0.511,1.0,0.499,1.0,0.505,1.0,0.484,1.0,0.47800000000000004,1.0,0.491
1.0,0.493,1.0,0.502,1.0,0.481,1.0,0.476,1.0,0.512,1.0,0.49799999999999994,1.0,0.506,1.0,0.485,1.0,0.47800000000000004,1.0,0.491
1.0,0.493,1.0,0.504,1.0,0.481,1.0,0.477,1.0,0.512,1.0,0.497,1.0,0.506,1.0,0.485,1.0,0.476,1.0,0.492
1.0,0.493,1.0,0.506,1.0,0.481,1.0,0.476,1.0,0.514,1.0,0.495,1.0,0.506,1.0,0.48600000000000004,1.0,0.476,1.0,0.492
1.0,0.493,1.0,0.505,1.0,0.48,1.0,0.477,1.0,0.512,1.0,0.496,1.0,0.506,1.0,0.48600000000000004,1.0,0.477,1.0,0.492
1.0,0.49399999999999994,1.0,0.503,1.0,0.479,1.0,0.476,1.0,0.512,1.0,0.49800000000000005,1.0,0.507,1.0,0.483,1.0,0.476,1.0,0.492
1.0,0.495,1.0,0.503,1.0,0.48,1.0,0.47700000000000004,1.0,0.513,1.0,0.497,1.0,0.507,1.0,0.48200000000000004,1.0,0.47400000000000003,1.0,0.491
1.0,0.495,1.0,0.503,1.0,0.481,1.0,0.47800000000000004,1.0,0.514,1.0,0.497,1.0,0.507,1.0,0.4800000000000001,1.0,0.4720000000000001,1.0,0.49000000000000005
1.0,0.496,1.0,0.501,1.0,0.48200000000000004,1.0,0.479,1.0,0.516,1.0,0.49800000000000005,1.0,0.508,1.0,0.4800000000000001,1.0,0.471,1.0,0.488
1.0,0.49800000000000005,1.0,0.503,1.0,0.48200000000000004,1.0,0.48,1.0,0.516,1.0,0.5,1.0,0.508,1.0,0.4790000000000001,1.0,0.472,1.0,0.48900000000000005
1.0,0.499,1.0,0.503,1.0,0.483,1.0,0.47700000000000004,1.0,0.517,1.0,0.501,1.0,0.507,1.0,0.4790000000000001,1.0,0.471,1.0,0.49000000000000005
1.0,0.5,1.0,0.5010000000000001,1.0,0.483,1.0,0.47700000000000004,1.0,0.517,1.0,0.5,1.0,0.506,1.0,0.4790000000000001,1.0,0.47000000000000003,1.0,0.49000000000000005
1.0,0.5,1.0,0.5000000000000001,1.0,0.483,1.0,0.4760000000000001,1.0,0.516,1.0,0.499,1.0,0.506,1.0,0.47800000000000004,1.0,0.471,1.0,0.48900000000000005
1.0,0.501,1.0,0.5000000000000001,1.0,0.483,1.0,0.477,1.0,0.515,1.0,0.5,1.0,0.506,1.0,0.479,1.0,0.46900000000000003,1.0,0.49000000000000005
1.0,0.502,1.0,0.49799999999999994,1.0,0.484,1.0,0.47400000000000003,1.0,0.515,1.0,0.499,1.0,0.506,1.0,0.479,1.0,0.46900000000000003,1.0,0.48900000000000005
1.0,0.502,1.0,0.497,1.0,0.484,1.0,0.476,1.0,0.515,1.0,0.4960000000000001,1.0,0.506,1.0,0.4779999999999999,1.0,0.46900000000000003,1.0,0.488
1.0,0.5,1.0,0.5,1.0,0.485,1.0,0.47700000000000004,1.0,0.5149999999999999,1.0,0.495,1.0,0.505,1.0,0.4779999999999999,1.0,0.4680000000000001,1.0,0.487
1.0,0.5,1.0,0.499,1.0,0.484,1.0,0.479,1.0,0.5149999999999999,1.0,0.495,1.0,0.5029999999999999,1.0,0.4779999999999999,1.0,0.46799999999999997,1.0,0.485
1.0,0.5,1.0,0.499,1.0,0.48500000000000004,1.0,0.479,1.0,0.5149999999999999,1.0,0.495,1.0,0.5049999999999999,1.0,0.476,1.0,0.46699999999999997,1.0,0.483
1.0,0.499,1.0,0.49799999999999994,1.0,0.48500000000000004,1.0,0.48200000000000004,1.0,0.5149999999999999,1.0,0.495,1.0,0.506,1.0,0.476,1.0,0.469,1.0,0.484
1.0,0.501,1.0,0.49799999999999994,1.0,0.48500000000000004,1.0,0.48100000000000004,1.0,0.516,1.0,0.493,1.0,0.5039999999999999,1.0,0.477,1.0,0.47000000000000003,1.0,0.483
1.0,0.5,1.0,0.49899999999999994,1.0,0.48500000000000004,1.0,0.48100000000000004,1.0,0.516,1.0,0.491,1.0,0.5039999999999999,1.0,0.476,1.0,0.471,1.0,0.48200000000000004
1.0,0.49800000000000005,1.0,0.501,1.0,0.48500000000000004,1.0,0.48100000000000004,1.0,0.515,1.0,0.492,1.0,0.502,1.0,0.476,1.0,0.46900000000000003,1.0,0.48100000000000004
1.0,0.501,1.0,0.5,1.0,0.48500000000000004,1.0,0.48,1.0,0.515,1.0,0.495,1.0,0.502,1.0,0.476,1.0,0.46900000000000003,1.0,0.48
1.0,0.501,1.0,0.499,1.0,0.48600000000000004,1.0,0.481,1.0,0.514,1.0,0.496,1.0,0.5029999999999999,1.0,0.476,1.0,0.4680000000000001,1.0,0.48100000000000004
1.0,0.5,1.0,0.499,1.0,0.48600000000000004,1.0,0.48200000000000004,1.0,0.513,1.0,0.496,1.0,0.5029999999999999,1.0,0.475,1.0,0.46900000000000003,1.0,0.481
1.0,0.502,1.0,0.5,1.0,0.48600000000000004,1.0,0.48200000000000004,1.0,0.514,1.0,0.496,1.0,0.502,1.0,0.47400000000000003,1.0,0.4680000000000001,1.0,0.4789999999999999
1.0,0.5029999999999999,1.0,0.499,1.0,0.48500000000000004,1.0,0.484,1.0,0.5130000000000001,1.0,0.49700000000000005,1.0,0.5040000000000001,1.0,0.475,1.0,0.4680000000000001,1.0,0.4789999999999999
1.0,0.502,1.0,0.49799999999999994,1.0,0.48500000000000004,1.0,0.484,1.0,0.5109999999999999,1.0,0.49800000000000005,1.0,0.5050000000000001,1.0,0.47800000000000004,1.0,0.4680000000000001,1.0,0.4779999999999999
1.0,0.5029999999999999,1.0,0.4999999999999999,1.0,0.4840000000000001,1.0,0.483,1.0,0.511,1.0,0.497,1.0,0.506,1.0,0.4800000000000001,1.0,0.47000000000000003,1.0,0.4779999999999999
1.0,0.502,1.0,0.4999999999999999,1.0,0.4840000000000001,1.0,0.48200000000000004,1.0,0.513,1.0,0.5,1.0,0.506,1.0,0.4800000000000001,1.0,0.47000000000000003,1.0,0.477
1.0,0.502,1.0,0.49899999999999994,1.0,0.4840000000000001,1.0,0.48200000000000004,1.0,0.511,1.0,0.501,1.0,0.5040000000000001,1.0,0.48100000000000004,1.0,0.46900000000000003,1.0,0.477
1.0,0.5029999999999999,1.0,0.49899999999999994,1.0,0.4840000000000001,1.0,0.48200000000000004,1.0,0.511,1.0,0.5029999999999999,1.0,0.5050000000000001,1.0,0.48100000000000004,1.0,0.47000000000000003,1.0,0.47800000000000004
1.0,0.5039999999999999,1.0,0.5,1.0,0.4840000000000001,1.0,0.48100000000000004,1.0,0.512,1.0,0.5029999999999999,1.0,0.5050000000000001,1.0,0.4800000000000001,1.0,0.47000000000000003,1.0,0.479
1.0,0.5050000000000001,1.0,0.499,1.0,0.484,1.0,0.48200000000000004,1.0,0.5130000000000001,1.0,0.502,1.0,0.5040000000000001,1.0,0.4800000000000001,1.0,0.47000000000000003,1.0,0.479
1.0,0.5039999999999999,1.0,0.499,1.0,0.483,1.0,0.484,1.0,0.5130000000000001,1.0,0.5,1.0,0.5040000000000001,1.0,0.479,1.0,0.471,1.0,0.48
1.0,0.5039999999999999,1.0,0.496,1.0,0.483,1.0,0.483,1.0,0.5130000000000001,1.0,0.499,1.0,0.5029999999999999,1.0,0.4800000000000001,1.0,0.4680000000000001,1.0,0.479
1.0,0.505,1.0,0.496,1.0,0.483,1.0,0.48200000000000004,1.0,0.5109999999999999,1.0,0.49700000000000005,1.0,0.504,1.0,0.479,1.0,0.46699999999999997,1.0,0.479
1.0,0.5090000000000001,1.0,0.496,1.0,0.483,1.0,0.483,1.0,0.5109999999999999,1.0,0.496,1.0,0.5029999999999999,1.0,0.479,1.0,0.465,1.0,0.48100000000000004
1.0,0.507,1.0,0.496,1.0,0.484,1.0,0.48600000000000004,1.0,0.51,1.0,0.49700000000000005,1.0,0.502,1.0,0.479,1.0,0.466,1.0,0.48200000000000004
1.0,0.507,1.0,0.493,1.0,0.484,1.0,0.48600000000000004,1.0,0.5109999999999999,1.0,0.49700000000000005,1.0,0.5029999999999999,1.0,0.48,1.0,0.466,1.0,0.48200000000000004
1.0,0.508,1.0,0.492,1.0,0.484,1.0,0.484,1.0,0.51,1.0,0.49800000000000005,1.0,0.504,1.0,0.479,1.0,0.46699999999999997,1.0,0.48200000000000004
1.0,0.508,1.0,0.492,1.0,0.484,1.0,0.483,1.0,0.508,1.0,0.49700000000000005,1.0,0.505,1.0,0.48,1.0,0.46699999999999997,1.0,0.483
1.0,0.508,1.0,0.491,1.0,0.485,1.0,0.485,1.0,0.508,1.0,0.49700000000000005,1.0,0.506,1.0,0.479,1.0,0.466,1.0,0.483
1.0,0.508,1.0,0.491,1.0,0.48600000000000004,1.0,0.487,1.0,0.509,1.0,0.49700000000000005,1.0,0.5069999999999999,1.0,0.481,1.0,0.46699999999999997,1.0,0.48200000000000004
1.0,0.508,1.0,0.491,1.0,0.48500000000000004,1.0,0.48599999999999993,1.0,0.5109999999999999,1.0,0.499,1.0,0.5069999999999999,1.0,0.481,1.0,0.46799999999999997,1.0,0.479
1.0,0.506,1.0,0.489,1.0,0.4840000000000001,1.0,0.488,1.0,0.5109999999999999,1.0,0.501,1.0,0.5069999999999999,1.0,0.48,1.0,0.46799999999999997,1.0,0.48100000000000004
1.0,0.506,1.0,0.49000000000000005,1.0,0.4840000000000001,1.0,0.487,1.0,0.5119999999999999,1.0,0.502,1.0,0.5069999999999999,1.0,0.481,1.0,0.469,1.0,0.48200000000000004
1.0,0.505,1.0,0.49000000000000005,1.0,0.483,1.0,0.487,1.0,0.514,1.0,0.503,1.0,0.506,1.0,0.481,1.0,0.469,1.0,0.48100000000000004
1.0,0.504,1.0,0.49000000000000005,1.0,0.483,1.0,0.48900000000000005,1.0,0.514,1.0,0.503,1.0,0.5069999999999999,1.0,0.481,1.0,0.469,1.0,0.48100000000000004
1.0,0.505,1.0,0.49000000000000005,1.0,0.483,1.0,0.49000000000000005,1.0,0.513,1.0,0.503,1.0,0.5069999999999999,1.0,0.48200000000000004,1.0,0.469,1.0,0.48100000000000004
1.0,0.505,1.0,0.488,1.0,0.484,1.0,0.49000000000000005,1.0,0.513,1.0,0.505,1.0,0.5069999999999999,1.0,0.48200000000000004,1.0,0.471,1.0,0.48
1.0,0.505,1.0,0.488,1.0,0.485,1.0,0.49000000000000005,1.0,0.513,1.0,0.505,1.0,0.5069999999999999,1.0,0.483,1.0,0.47400000000000003,1.0,0.481
1.0,0.506,1.0,0.4880000000000001,1.0,0.48599999999999993,1.0,0.492,1.0,0.511,1.0,0.505,1.0,0.508,1.0,0.484,1.0,0.477,1.0,0.48199999999999993
1.0,0.505,1.0,0.4880000000000001,1.0,0.485,1.0,0.49400000000000005,1.0,0.511,1.0,0.505,1.0,0.508,1.0,0.48200000000000004,1.0,0.477,1.0,0.48
1.0,0.505,1.0,0.4880000000000001,1.0,0.484,1.0,0.496,1.0,0.509,1.0,0.505,1.0,0.509,1.0,0.48200000000000004,1.0,0.476,1.0,0.479
1.0,0.5069999999999999,1.0,0.48600000000000004,1.0,0.483,1.0,0.496,1.0,0.509,1.0,0.506,1.0,0.508,1.0,0.48200000000000004,1.0,0.477,1.0,0.479
1.0,0.508,1.0,0.484,1.0,0.485,1.0,0.497,1.0,0.509,1.0,0.507,1.0,0.509,1.0,0.483,1.0,0.477,1.0,0.477
1.0,0.509,1.0,0.48100000000000004,1.0,0.484,1.0,0.496,1.0,0.509,1.0,0.506,1.0,0.51,1.0,0.483,1.0,0.475,1.0,0.4779999999999999
1.0,0.509,1.0,0.48100000000000004,1.0,0.484,1.0,0.499,1.0,0.51,1.0,0.504,1.0,0.5109999999999999,1.0,0.48100000000000004,1.0,0.476,1.0,0.479
1.0,0.509,1.0,0.48100000000000004,1.0,0.484,1.0,0.497,1.0,0.51,1.0,0.506,1.0,0.5120000000000001,1.0,0.483,1.0,0.476,1.0,0.48
1.0,0.507,1.0,0.483,1.0,0.484,1.0,0.497,1.0,0.509,1.0,0.507,1.0,0.5120000000000001,1.0,0.483,1.0,0.476,1.0,0.48100000000000004
1.0,0.508,1.0,0.483,1.0,0.485,1.0,0.49700000000000005,1.0,0.509,1.0,0.507,1.0,0.5110000000000001,1.0,0.48200000000000004,1.0,0.477,1.0,0.48100000000000004
1.0,0.5090000000000001,1.0,0.483,1.0,0.485,1.0,0.49700000000000005,1.0,0.509,1.0,0.508,1.0,0.5110000000000001,1.0,0.48200000000000004,1.0,0.476,1.0,0.48100000000000004
1.0,0.509,1.0,0.484,1.0,0.488,1.0,0.496,1.0,0.508,1.0,0.508,1.0,0.5110000000000001,1.0,0.48200000000000004,1.0,0.477,1.0,0.48
1.0,0.509,1.0,0.483,1.0,0.488,1.0,0.49399999999999994,1.0,0.509,1.0,0.508,1.0,0.5130000000000001,1.0,0.48200000000000004,1.0,0.477,1.0,0.48
1.0,0.507,1.0,0.481,1.0,0.48900000000000005,1.0,0.49400000000000005,1.0,0.51,1.0,0.507,1.0,0.515,1.0,0.481,1.0,0.479,1.0,0.48
1.0,0.506,1.0,0.48299999999999993,1.0,0.48900000000000005,1.0,0.495,1.0,0.512,1.0,0.507,1.0,0.516,1.0,0.481,1.0,0.47800000000000004,1.0,0.48200000000000004
1.0,0.506,1.0,0.483,1.0,0.488,1.0,0.49400000000000005,1.0,0.512,1.0,0.506,1.0,0.518,1.0,0.48199999999999993,1.0,0.47800000000000004,1.0,0.485
1.0,0.507,1.0,0.48100000000000004,1.0,0.488,1.0,0.49400000000000005,1.0,0.5120000000000001,1.0,0.506,1.0,0.5189999999999999,1.0,0.48,1.0,0.48,1.0,0.485
1.0,0.505,1.0,0.48200000000000004,1.0,0.48900000000000005,1.0,0.493,1.0,0.5130000000000001,1.0,0.506,1.0,0.52,1.0,0.48,1.0,0.48,1.0,0.485
1.0,0.504,1.0,0.48100000000000004,1.0,0.48900000000000005,1.0,0.49400000000000005,1.0,0.5130000000000001,1.0,0.5050000000000001,1.0,0.52,1.0,0.481,1.0,0.48,1.0,0.48600000000000004
1.0,0.5029999999999999,1.0,0.48100000000000004,1.0,0.48900000000000005,1.0,0.49399999999999994,1.0,0.5130000000000001,1.0,0.506,1.0,0.518,1.0,0.48100000000000004,1.0,0.481,1.0,0.485
1.0,0.504,1.0,0.483,1.0,0.4880000000000001,1.0,0.49499999999999994,1.0,0.5130000000000001,1.0,0.506,1.0,0.52,1.0,0.479,1.0,0.481,1.0,0.487
1.0,0.501,1.0,0.484,1.0,0.4880000000000001,1.0,0.495,1.0,0.516,1.0,0.505,1.0,0.521,1.0,0.4779999999999999,1.0,0.48199999999999993,1.0,0.48600000000000004
1.0,0.5,1.0,0.484,1.0,0.4880000000000001,1.0,0.49399999999999994,1.0,0.516,1.0,0.504,1.0,0.52,1.0,0.477,1.0,0.48199999999999993,1.0,0.48500000000000004
1.0,0.499,1.0,0.48599999999999993,1.0,0.48900000000000005,1.0,0.49399999999999994,1.0,0.516,1.0,0.504,1.0,0.522,1.0,0.4779999999999999,1.0,0.484,1.0,0.48600000000000004
1.0,0.49800000000000005,1.0,0.48599999999999993,1.0,0.48900000000000005,1.0,0.495,1.0,0.515,1.0,0.504,1.0,0.5210000000000001,1.0,0.4779999999999999,1.0,0.483,1.0,0.48500000000000004
1.0,0.4960000000000001,1.0,0.488,1.0,0.488,1.0,0.496,1.0,0.518,1.0,0.506,1.0,0.5200000000000001,1.0,0.4779999999999999,1.0,0.48599999999999993,1.0,0.48600000000000004
1.0,0.49700000000000005,1.0,0.489,1.0,0.49000000000000005,1.0,0.49499999999999994,1.0,0.5189999999999999,1.0,0.506,1.0,0.5200000000000001,1.0,0.47800000000000004,1.0,0.48599999999999993,1.0,0.487
1.0,0.497,1.0,0.488,1.0,0.488,1.0,0.49499999999999994,1.0,0.5189999999999999,1.0,0.5050000000000001,1.0,0.519,1.0,0.479,1.0,0.48599999999999993,1.0,0.487
1.0,0.49799999999999994,1.0,0.487,1.0,0.489,1.0,0.493,1.0,0.5189999999999999,1.0,0.506,1.0,0.517,1.0,0.48,1.0,0.485,1.0,0.488
1.0,0.49799999999999994,1.0,0.487,1.0,0.489,1.0,0.492,1.0,0.518,1.0,0.504,1.0,0.516,1.0,0.48200000000000004,1.0,0.484,1.0,0.488
1.0,0.496,1.0,0.48699999999999993,1.0,0.489,1.0,0.492,1.0,0.518,1.0,0.505,1.0,0.517,1.0,0.483,1.0,0.48200000000000004,1.0,0.48600000000000004
1.0,0.49399999999999994,1.0,0.48699999999999993,1.0,0.491,1.0,0.49399999999999994,1.0,0.518,1.0,0.505,1.0,0.519,1.0,0.485,1.0,0.4800000000000001,1.0,0.488
1.0,0.493,1.0,0.484,1.0,0.492,1.0,0.49399999999999994,1.0,0.518,1.0,0.504,1.0,0.519,1.0,0.484,1.0,0.48200000000000004,1.0,0.488
1.0,0.492,1.0,0.485,1.0,0.49000000000000005,1.0,0.493,1.0,0.516,1.0,0.504,1.0,0.52,1.0,0.487,1.0,0.483,1.0,0.48900000000000005
1.0,0.492,1.0,0.484,1.0,0.49000000000000005,1.0,0.493,1.0,0.516,1.0,0.504,1.0,0.52,1.0,0.48599999999999993,1.0,0.483,1.0,0.48900000000000005
1.0,0.492,1.0,0.48699999999999993,1.0,0.49000000000000005,1.0,0.493,1.0,0.516,1.0,0.503,1.0,0.521,1.0,0.485,1.0,0.483,1.0,0.49000000000000005
1.0,0.493,1.0,0.48699999999999993,1.0,0.49000000000000005,1.0,0.4959999999999999,1.0,0.5149999999999999,1.0,0.502,1.0,0.52,1.0,0.484,1.0,0.48200000000000004,1.0,0.491
1.0,0.493,1.0,0.489,1.0,0.491,1.0,0.4959999999999999,1.0,0.5149999999999999,1.0,0.502,1.0,0.519,1.0,0.484,1.0,0.48100000000000004,1.0,0.491
1.0,0.49399999999999994,1.0,0.488,1.0,0.491,1.0,0.4959999999999999,1.0,0.516,1.0,0.5,1.0,0.518,1.0,0.48200000000000004,1.0,0.48100000000000004,1.0,0.491
1.0,0.49499999999999994,1.0,0.488,1.0,0.489,1.0,0.496,1.0,0.516,1.0,0.499,1.0,0.518,1.0,0.484,1.0,0.48200000000000004,1.0,0.492
1.0,0.4959999999999999,1.0,0.49000000000000005,1.0,0.489,1.0,0.49800000000000005,1.0,0.516,1.0,0.499,1.0,0.519,1.0,0.484,1.0,0.483,1.0,0.493
1.0,0.49399999999999994,1.0,0.48999999999999994,1.0,0.489,1.0,0.49800000000000005,1.0,0.518,1.0,0.5,1.0,0.519,1.0,0.484,1.0,0.483,1.0,0.493
1.0,0.49399999999999994,1.0,0.489,1.0,0.489,1.0,0.49800000000000005,1.0,0.517,1.0,0.5,1.0,0.519,1.0,0.483,1.0,0.485,1.0,0.49399999999999994
1.0,0.49399999999999994,1.0,0.489,1.0,0.488,1.0,0.49799999999999994,1.0,0.517,1.0,0.5,1.0,0.518,1.0,0.483,1.0,0.48200000000000004,1.0,0.497
1.0,0.49399999999999994,1.0,0.48900000000000005,1.0,0.488,1.0,0.49799999999999994,1.0,0.517,1.0,0.501,1.0,0.518,1.0,0.484,1.0,0.48100000000000004,1.0,0.496
1.0,0.49399999999999994,1.0,0.48900000000000005,1.0,0.488,1.0,0.49799999999999994,1.0,0.517,1.0,0.501,1.0,0.517,1.0,0.483,1.0,0.48100000000000004,1.0,0.497
1.0,0.49499999999999994,1.0,0.4880000000000001,1.0,0.48600000000000004,1.0,0.49799999999999994,1.0,0.518,1.0,0.502,1.0,0.517,1.0,0.483,1.0,0.48,1.0,0.496
1.0,0.495,1.0,0.49000000000000005,1.0,0.48600000000000004,1.0,0.49899999999999994,1.0,0.5189999999999999,1.0,0.502,1.0,0.518,1.0,0.483,1.0,0.48,1.0,0.496
1.0,0.495,1.0,0.4880000000000001,1.0,0.488,1.0,0.49899999999999994,1.0,0.518,1.0,0.503,1.0,0.518,1.0,0.485,1.0,0.481,1.0,0.496
1.0,0.49399999999999994,1.0,0.4880000000000001,1.0,0.487,1.0,0.5,1.0,0.518,1.0,0.503,1.0,0.518,1.0,0.484,1.0,0.481,1.0,0.499
1.0,0.49399999999999994,1.0,0.4880000000000001,1.0,0.488,1.0,0.49899999999999994,1.0,0.517,1.0,0.504,1.0,0.5170000000000001,1.0,0.484,1.0,0.483,1.0,0.5000000000000001
1.0,0.492,1.0,0.4880000000000001,1.0,0.488,1.0,0.49799999999999994,1.0,0.516,1.0,0.504,1.0,0.5170000000000001,1.0,0.483,1.0,0.483,1.0,0.499
1.0,0.491,1.0,0.4880000000000001,1.0,0.48999999999999994,1.0,0.499,1.0,0.514,1.0,0.504,1.0,0.516,1.0,0.48200000000000004,1.0,0.48200000000000004,1.0,0.501
1.0,0.48900000000000005,1.0,0.4880000000000001,1.0,0.48999999999999994,1.0,0.5,1.0,0.514,1.0,0.504,1.0,0.515,1.0,0.48200000000000004,1.0,0.48200000000000004,1.0,0.5
1.0,0.48900000000000005,1.0,0.488,1.0,0.489,1.0,0.499,1.0,0.514,1.0,0.505,1.0,0.514,1.0,0.4830000000000001,1.0,0.484,1.0,0.5
1.0,0.49000000000000005,1.0,0.487,1.0,0.489,1.0,0.499,1.0,0.514,1.0,0.504,1.0,0.5130000000000001,1.0,0.4830000000000001,1.0,0.48599999999999993,1.0,0.502
1.0,0.48900000000000005,1.0,0.487,1.0,0.489,1.0,0.5,1.0,0.513,1.0,0.503,1.0,0.5130000000000001,1.0,0.4830000000000001,1.0,0.48599999999999993,1.0,0.502
1.0,0.48599999999999993,1.0,0.487,1.0,0.488,1.0,0.501,1.0,0.511,1.0,0.502,1.0,0.5130000000000001,1.0,0.48600000000000004,1.0,0.488,1.0,0.502
1.0,0.48599999999999993,1.0,0.487,1.0,0.488,1.0,0.502,1.0,0.508,1.0,0.5,1.0,0.514,1.0,0.48600000000000004,1.0,0.487,1.0,0.504
1.0,0.48900000000000005,1.0,0.488,1.0,0.488,1.0,0.502,1.0,0.507,1.0,0.5,1.0,0.518,1.0,0.487,1.0,0.48600000000000004,1.0,0.504
1.0,0.489,1.0,0.488,1.0,0.488,1.0,0.5029999999999999,1.0,0.506,1.0,0.499,1.0,0.518,1.0,0.4880000000000001,1.0,0.48600000000000004,1.0,0.503
1.0,0.49000000000000005,1.0,0.48999999999999994,1.0,0.487,1.0,0.5029999999999999,1.0,0.506,1.0,0.501,1.0,0.517,1.0,0.4880000000000001,1.0,0.483,1.0,0.504
1.0,0.489,1.0,0.489,1.0,0.488,1.0,0.504,1.0,0.506,1.0,0.501,1.0,0.518,1.0,0.4880000000000001,1.0,0.48200000000000004,1.0,0.505
1.0,0.489,1.0,0.48999999999999994,1.0,0.488,1.0,0.504,1.0,0.5069999999999999,1.0,0.5,1.0,0.517,1.0,0.4880000000000001,1.0,0.483,1.0,0.504
1.0,0.489,1.0,0.489,1.0,0.48900000000000005,1.0,0.5029999999999999,1.0,0.5069999999999999,1.0,0.5,1.0,0.517,1.0,0.48900000000000005,1.0,0.48200000000000004,1.0,0.505
1.0,0.48999999999999994,1.0,0.488,1.0,0.484,1.0,0.504,1.0,0.506,1.0,0.501,1.0,0.517,1.0,0.4880000000000001,1.0,0.48200000000000004,1.0,0.506
1.0,0.491,1.0,0.488,1.0,0.484,1.0,0.5050000000000001,1.0,0.506,1.0,0.5,1.0,0.517,1.0,0.4880000000000001,1.0,0.48200000000000004,1.0,0.507
1.0,0.492,1.0,0.488,1.0,0.484,1.0,0.5050000000000001,1.0,0.505,1.0,0.5,1.0,0.517,1.0,0.4880000000000001,1.0,0.483,1.0,0.5090000000000001
1.0,0.493,1.0,0.488,1.0,0.483,1.0,0.504,1.0,0.504,1.0,0.5,1.0,0.517,1.0,0.48900000000000005,1.0,0.484,1.0,0.511
1.0,0.493,1.0,0.488,1.0,0.483,1.0,0.504,1.0,0.504,1.0,0.499,1.0,0.518,1.0,0.4880000000000001,1.0,0.484,1.0,0.51
1.0,0.493,1.0,0.488,1.0,0.483,1.0,0.504,1.0,0.5069999999999999,1.0,0.499,1.0,0.516,1.0,0.4880000000000001,1.0,0.48500000000000004,1.0,0.511
1.0,0.49399999999999994,1.0,0.48599999999999993,1.0,0.483,1.0,0.5050000000000001,1.0,0.5069999999999999,1.0,0.499,1.0,0.516,1.0,0.4880000000000001,1.0,0.484,1.0,0.511
1.0,0.493,1.0,0.48600000000000004,1.0,0.484,1.0,0.5050000000000001,1.0,0.506,1.0,0.499,1.0,0.516,1.0,0.487,1.0,0.48500000000000004,1.0,0.5109999999999999
1.0,0.491,1.0,0.48599999999999993,1.0,0.484,1.0,0.504,1.0,0.5069999999999999,1.0,0.5,1.0,0.518,1.0,0.488,1.0,0.48500000000000004,1.0,0.51
1.0,0.493,1.0,0.48599999999999993,1.0,0.484,1.0,0.502,1.0,0.5069999999999999,1.0,0.49800000000000005,1.0,0.52,1.0,0.488,1.0,0.48500000000000004,1.0,0.51
1.0,0.49399999999999994,1.0,0.48599999999999993,1.0,0.483,1.0,0.501,1.0,0.5079999999999999,1.0,0.49700000000000005,1.0,0.521,1.0,0.489,1.0,0.48500000000000004,1.0,0.5119999999999999
1.0,0.495,1.0,0.485,1.0,0.484,1.0,0.5,1.0,0.5069999999999999,1.0,0.49800000000000005,1.0,0.523,1.0,0.489,1.0,0.483,1.0,0.5119999999999999
1.0,0.49700000000000005,1.0,0.485,1.0,0.483,1.0,0.501,1.0,0.508,1.0,0.495,1.0,0.522,1.0,0.49000000000000005,1.0,0.484,1.0,0.5109999999999999
1.0,0.49800000000000005,1.0,0.485,1.0,0.48200000000000004,1.0,0.501,1.0,0.508,1.0,0.495,1.0,0.522,1.0,0.491,1.0,0.484,1.0,0.5109999999999999
1.0,0.499,1.0,0.485,1.0,0.48200000000000004,1.0,0.502,1.0,0.5090000000000001,1.0,0.495,1.0,0.521,1.0,0.49000000000000005,1.0,0.484,1.0,0.5109999999999999
